location_id,location_name_x,location_type_x,total_cases_x,risk_category_x,location_name_y,location_type_y,total_cases_y,risk_category_y,year,statefips,countyfips,state,TotalPop,MalePct,WhitePct,BlackPct,OtherRacePct,ChildrenPct,AdultPct,SeniorPct,county_name,state_abb,state_code,county_code,pop_score,children_score,vulnerability_index,is_high_risk,exposure_score,risk_index
45083,"Spartanburg, South Carolina",county,940,2,"Spartanburg, South Carolina",county,940.0,2.0,2023.0,45.0,83.0,SC,356698.0,48.820293,75.300957,21.220192,3.4788532,23.342436,76.657562,16.348564,SPARTANBURG,SC,41.0,42.0,0.03685546581711068,0.471279501724363,0.25406748377073685,0,1.0,0.49818425835718805
48165,"Gaines, Texas",county,414,2,"Gaines, Texas",county,414.0,2.0,2023.0,48.0,165.0,TX,22523.0,51.129955,95.449097,2.4907873,2.0601163,36.038715,63.961285,9.2394438,GAINES,TX,44.0,83.0,0.002271708131816819,1.0,0.5011358540659084,1,0.4398296059637913,0.36252587295754657
04015,"Mohave, Arizona",county,285,2,"Mohave, Arizona",county,285.0,2.0,2023.0,4.0,15.0,AZ,223682.0,50.632149,92.45536,2.0028434,5.5417957,16.020512,83.979492,33.061668,MOHAVE,AZ,3.0,8.0,0.02308964517742474,0.16636722737875792,0.09472843627809133,0,0.30244941427050054,0.15852596495258567
48229,"Hudspeth, Texas",county,136,1,"Hudspeth, Texas",county,136.0,1.0,2023.0,48.0,229.0,TX,3451.0,65.951904,87.047234,8.4033613,4.5494061,12.0255,87.974503,9.9681253,HUDSPETH,TX,44.0,115.0,0.0002979475974443361,0.0,0.00014897379872216805,0,0.14376996805111822,0.057593298878146536
49049,"Utah, Utah",county,116,1,"Utah, Utah",county,116.0,1.0,2023.0,49.0,49.0,UT,719174.0,50.783539,93.602798,1.4783627,4.9188375,31.136415,68.863586,8.0661983,UTAH,UT,45.0,25.0,0.07436809288596555,0.7958499101432273,0.4351090015145964,1,0.12247071352502663,0.21826535526616087
42071,"Lancaster, Pennsylvania",county,99,1,"Lancaster, Pennsylvania",county,99.0,1.0,2023.0,42.0,71.0,PA,558589.0,49.148121,89.79966,6.5720949,3.6282489,22.904139,77.095863,20.184608,LANCASTER,PA,39.0,36.0,0.057749157514100764,0.45302717691071354,0.25538816721240715,0,0.10436634717784878,0.14251940812561856
12021,"Collier, Florida",county,93,1,"Collier, Florida",county,93.0,1.0,2023.0,12.0,21.0,FL,404310.0,49.262943,89.756622,7.6837082,2.5596695,16.083698,83.916306,34.356312,COLLIER,FL,10.0,11.0,0.04178282983570037,0.16899852851856775,0.10539067917713406,0,0.0979765708200213,0.08257854087303237
48141,"El Paso, Texas",county,85,1,"El Paso, Texas",county,85.0,1.0,2023.0,48.0,141.0,TX,869880.0,49.718006,91.963486,4.8073297,3.2291811,25.7055,74.294502,13.450821,EL PASO,TX,44.0,71.0,0.08996465093405381,0.5696863164719926,0.3298254837030232,0,0.08945686900958466,0.16747193079329176
35025,"Lea, New Mexico",county,67,1,"Lea, New Mexico",county,67.0,1.0,2023.0,35.0,25.0,NM,72101.0,51.900803,91.683891,4.9569354,3.3591766,28.76243,71.237572,11.954064,LEA,NM,32.0,13.0,0.007402533413544952,0.6969883041483617,0.3521954187809533,1,0.07028753993610223,0.15983508484035702
49035,"Salt Lake, Utah",county,66,1,"Salt Lake, Utah",county,66.0,1.0,2023.0,49.0,35.0,UT,1185813.0,50.599209,87.9142,2.9836915,9.1021099,24.691668,75.308334,12.361983,SALT LAKE,UT,45.0,18.0,0.12266054475252601,0.5274665637233498,0.32506355423793787,0,0.06922257720979766,0.160889573151751
48445,"Terry, Texas",county,60,1,"Terry, Texas",county,60.0,1.0,2023.0,48.0,445.0,TX,11547.0,51.874947,92.500214,5.2827573,2.217026,28.639473,71.360527,15.224733,TERRY,TX,44.0,223.0,0.0011358023209279572,0.6918679152291769,0.3465018587750524,1,0.06283280085197018,0.1541067259226968
48303,"Lubbock, Texas",county,53,1,"Lubbock, Texas",county,53.0,1.0,2023.0,48.0,303.0,TX,320940.0,49.226959,87.166451,8.5866518,4.2468996,23.355455,76.644547,13.611579,LUBBOCK,TX,44.0,152.0,0.033154871795084084,0.4718216615309528,0.25248826666301843,0,0.055378061767838126,0.11937669910704492
45021,"Cherokee, South Carolina",county,36,1,"Cherokee, South Carolina",county,36.0,1.0,2023.0,45.0,21.0,SC,56714.0,49.180096,77.504669,20.943682,1.551645,22.809183,77.190819,17.739887,CHEROKEE,SC,41.0,11.0,0.005810133385105911,0.44907285425962334,0.22744149382236462,0,0.03727369542066028,0.10007530962015591
55083,"Oconto, Wisconsin",county,36,1,"Oconto, Wisconsin",county,36.0,1.0,2023.0,55.0,83.0,WI,39775.0,51.648022,96.593338,0.91011941,2.4965432,19.477058,80.522942,23.429289,OCONTO,WI,50.0,43.0,0.0040571169373429345,0.3103107184939626,0.15718391771565277,0,0.03727369542066028,0.07377143963050377
20069,"Gray, Kansas",county,29,1,"Gray, Kansas",county,29.0,1.0,2023.0,20.0,69.0,KS,5743.0,51.053455,95.664284,2.7685878,1.5671252,29.026642,70.973358,16.472227,GRAY,KS,17.0,35.0,0.0005351465878376735,0.7079910790787489,0.3542631128332933,1,0.029818956336528223,0.14372720035577258
48277,"Lamar, Texas",county,28,1,"Lamar, Texas",county,28.0,1.0,2023.0,48.0,277.0,TX,51127.0,48.41082,81.937134,14.649794,3.4130695,24.601482,75.398514,19.079939,LAMAR,TX,44.0,139.0,0.005231934973531925,0.5237108816957663,0.2644714083346491,0,0.02875399361022364,0.11038033399343886
36061,"New York City, New York",county,26,1,"New York City, New York",county,26.0,1.0,2023.0,36.0,61.0,NY,1597451.0,47.67395,64.58696,19.679289,15.733753,13.523482,86.476517,18.766584,NEW YORK,NY,33.0,31.0,0.1652609452793727,0.06238156781588805,0.11382125654763038,0,0.026624068157614485,0.06956842381238121
48115,"Dawson, Texas",county,26,1,"Dawson, Texas",county,26.0,1.0,2023.0,48.0,115.0,TX,12004.0,57.805729,88.970345,8.1222925,2.9073641,24.991669,75.008331,14.095302,DAWSON,TX,44.0,58.0,0.0011830972330613583,0.5399597263423495,0.2705714117877054,0,0.026624068157614485,0.11139042390557519
35029,"Luna, New Mexico",county,26,1,"Luna, New Mexico",county,26.0,1.0,2023.0,35.0,29.0,NM,25316.0,50.410809,92.194656,2.6504977,5.1548429,25.493759,74.506241,20.710222,LUNA,NM,32.0,16.0,0.0025607555926233597,0.5608686300439154,0.2817146928182694,0,0.026624068157614485,0.11567276651063083
04013,"Maricopa, Arizona",county,25,1,"Maricopa, Arizona",county,25.0,1.0,2023.0,4.0,13.0,AZ,4585871.0,49.724163,82.97113,7.8444424,9.1844273,22.100403,77.899597,16.629295,MARICOPA,AZ,3.0,7.0,0.4745324142458899,0.41955660664346694,0.4470445104446784,1,0.025559105431309903,0.22411087460501664
36087,"Rockland, New York",county,25,1,"Rockland, New York",county,25.0,1.0,2023.0,36.0,87.0,NY,340807.0,49.547691,78.75161,13.739448,7.5089421,29.918694,70.081306,15.95155,ROCKLAND,NY,33.0,44.0,0.03521090684837572,0.7451394575861666,0.39017518221727115,1,0.025559105431309903,0.15885951003508436
38067,"Pembina, North Dakota",county,23,1,"Pembina, North Dakota",county,23.0,1.0,2023.0,38.0,67.0,ND,6661.0,53.175198,94.685486,1.5913527,3.7231648,21.017866,78.982132,26.542561,PEMBINA,ND,35.0,34.0,0.000630150371948094,0.37447572097280607,0.18755293567237707,0,0.023429179978700747,0.07918345603728659
30031,"Gallatin, Montana",county,23,1,"Gallatin, Montana",county,23.0,1.0,2023.0,30.0,31.0,MT,126409.0,52.278713,95.717079,0.83854789,3.444375,18.622883,81.377113,13.949956,GALLATIN,MT,27.0,16.0,0.013022866210351832,0.2747396797971451,0.14388127300374845,0,0.023429179978700747,0.06418660021500515
48501,"Yoakum, Texas",county,20,1,"Yoakum, Texas",county,20.0,1.0,2023.0,48.0,501.0,TX,7468.0,51.874668,94.603645,2.3433316,3.0530262,32.886986,67.113014,12.479915,YOAKUM,TX,44.0,251.0,0.0007136667703981041,0.8687502277391843,0.4347319472547912,1,0.02023429179978701,0.16983658041823835
42075,"Lebanon, Pennsylvania",county,20,1,"Lebanon, Pennsylvania",county,20.0,1.0,2023.0,42.0,75.0,PA,144252.0,49.325485,92.224022,4.8103318,2.9656434,22.384438,77.615562,20.758118,LEBANON,PA,39.0,38.0,0.014869437582772564,0.431384885364163,0.22312716147346776,0,0.02023429179978701,0.09256454445592614
42029,"Chester, Pennsylvania",county,19,1,"Chester, Pennsylvania",county,19.0,1.0,2023.0,42.0,29.0,PA,549784.0,49.609844,84.873878,7.0269413,8.0991812,21.752542,78.247459,18.415232,CHESTER,PA,39.0,15.0,0.056837928408335785,0.405070374791547,0.2309541515999414,0,0.019169329073482427,0.09926242868055028
20081,"Haskell, Kansas",county,19,1,"Haskell, Kansas",county,19.0,1.0,2023.0,20.0,81.0,KS,3630.0,50.716251,94.958679,1.7906336,3.2506888,26.721764,73.278236,17.603306,HASKELL,KS,17.0,41.0,0.00031647230044625906,0.6120073467880082,0.30616190954422723,0,0.019169329073482427,0.12155717836840736
38105,"Williams, North Dakota",county,19,1,"Williams, North Dakota",county,19.0,1.0,2023.0,38.0,105.0,ND,39113.0,53.253395,86.797226,6.0133457,7.1894255,30.12809,69.87191,10.730448,WILLIAMS,ND,35.0,53.0,0.003988606583224091,0.7538594894519537,0.3789240480175889,1,0.019169329073482427,0.14898511835635891
49045,"Tooele, Utah",county,19,1,"Tooele, Utah",county,19.0,1.0,2023.0,49.0,45.0,UT,82051.0,50.984146,94.022011,1.7988812,4.1791081,30.616323,69.383675,9.4173136,TOOELE,UT,45.0,23.0,0.008432258524545697,0.7741913358956724,0.391311797210109,1,0.019169329073482427,0.15403805013187133
39007,"Ashtabula, Ohio",county,19,1,"Ashtabula, Ohio",county,19.0,1.0,2023.0,39.0,7.0,OH,96845.0,51.146675,93.576332,5.241365,1.1823016,21.747122,78.252876,20.619547,ASHTABULA,OH,36.0,4.0,0.009963289006168313,0.4048446657392607,0.20740397737271452,0,0.019169329073482427,0.08579879335554198
04021,"Pinal, Arizona",county,18,0,"Pinal, Arizona",county,18.0,0.0,2023.0,4.0,21.0,AZ,484239.0,51.574532,82.719482,7.3732185,9.9072981,21.468119,78.531883,21.468119,PINAL,AZ,3.0,11.0,0.05005467892084394,0.39322593830105634,0.22164030861095013,0,0.01810436634717785,0.09469179162582296
40109,"Unknown County, Oklahoma",county,18,0,"Unknown County, Oklahoma",county,18.0,0.0,2023.0,40.0,109.0,OK,808866.0,49.041992,72.34449,17.700706,9.9548006,25.202196,74.797806,14.792067,OKLAHOMA,OK,37.0,55.0,0.08365031445942071,0.5487268572742134,0.3161885858668171,0,0.01810436634717785,0.13322566227190052
53011,"Clark, Washington",county,16,0,"Clark, Washington",county,16.0,0.0,2023.0,53.0,11.0,WA,521150.0,49.603184,86.511177,3.7870095,9.7018137,22.220474,77.779526,17.087019,CLARK,WA,48.0,6.0,0.05387459686779354,0.4245568117388696,0.23921570430333158,0,0.01597444089456869,0.10075935713634064
53061,"Snohomish, Washington",county,16,0,"Snohomish, Washington",county,16.0,0.0,2023.0,53.0,61.0,WA,844761.0,50.466938,75.462997,5.4141941,19.122805,21.822268,78.177734,15.295095,SNOHOMISH,WA,48.0,31.0,0.08736508660609123,0.40797402596861776,0.2476695562873545,0,0.01597444089456869,0.10726526288556032
49011,"Davis, Utah",county,15,0,"Davis, Utah",county,15.0,0.0,2023.0,49.0,11.0,UT,373207.0,50.708588,92.79274,2.0559635,5.1512966,29.451485,70.548515,11.382691,DAVIS,UT,45.0,6.0,0.03856398158168468,0.7256831290603946,0.38212355532103964,1,0.014909478168264111,0.1519419694596499
39083,"Knox, Ohio",county,14,0,"Knox, Ohio",county,14.0,0.0,2023.0,39.0,83.0,OH,63320.0,49.54517,97.215729,1.6361339,1.1481365,22.733734,77.266266,19.954201,KNOX,OH,36.0,42.0,0.006493788066841682,0.4459308759780812,0.22621233202246144,0,0.013844515441959531,0.09031515855452148
48079,"Cochran, Texas",county,14,0,"Cochran, Texas",county,14.0,0.0,2023.0,48.0,79.0,TX,2509.0,50.89677,89.517738,5.5001993,4.9820647,26.982862,73.017136,15.145476,COCHRAN,TX,44.0,40.0,0.0002004600542722053,0.6228804431226722,0.3115404515884722,0,0.013844515441959531,0.12141581735254914
39049,"Franklin, Ohio",county,14,0,"Franklin, Ohio",county,14.0,0.0,2023.0,39.0,49.0,OH,1326063.0,49.081753,66.30394,26.861998,6.8340645,23.12854,76.87146,13.514668,FRANKLIN,OH,36.0,25.0,0.1371750117693958,0.4623720730439469,0.29977354240667137,0,0.013844515441959531,0.13079038949824143
38035,"Grand Forks, North Dakota",county,14,0,"Grand Forks, North Dakota",county,14.0,0.0,2023.0,38.0,35.0,ND,72708.0,51.38224,88.56797,4.9265556,6.5054741,21.142103,78.857895,14.812675,GRAND FORKS,ND,35.0,18.0,0.007465351819814043,0.37964941387481843,0.19355738284731624,0,0.013844515441959531,0.07826873577087012
06067,"Sacramento, California",county,13,0,"Sacramento, California",county,13.0,0.0,2023.0,6.0,67.0,CA,1584288.0,49.221542,63.339115,12.89412,23.766764,22.58131,77.418686,15.787723,SACRAMENTO,CA,5.0,34.0,0.16389870692398548,0.4395833710729695,0.3017410389984775,0,0.012779552715654952,0.13377881633490687
13121,"Fulton, Georgia",county,13,0,"Fulton, Georgia",county,13.0,0.0,2023.0,13.0,121.0,GA,1079105.0,48.567192,44.908512,46.152599,8.9388895,20.600683,79.399315,13.106509,FULTON,GA,11.0,60.0,0.11161733800431822,0.3571026620133955,0.23436000000885687,0,0.012779552715654952,0.10347227795605365
48135,"Ector, Texas",county,12,0,"Ector, Texas",county,12.0,0.0,2023.0,48.0,135.0,TX,164494.0,51.335609,90.430656,5.9655671,3.6037788,30.579231,69.420769,10.014347,ECTOR,TX,44.0,68.0,0.016964281371403427,0.7726466864182908,0.3948054838948471,1,0.011714589989350373,0.15321192018615926
49051,"Wasatch, Utah",county,12,0,"Wasatch, Utah",county,12.0,0.0,2023.0,49.0,51.0,UT,37144.0,51.273422,96.18512,1.1603489,2.6545336,27.988369,72.011627,14.55686,WASATCH,UT,45.0,26.0,0.003784834850202939,0.6647535117642513,0.33426917330722716,1,0.011714589989350373,0.12937619294903197
48201,"Harris, Texas",county,12,0,"Harris, Texas",county,12.0,0.0,2023.0,48.0,201.0,TX,4835125.0,49.627174,68.994781,21.534563,9.4706545,25.629328,74.370674,12.122231,HARRIS,TX,44.0,101.0,0.5003277009612044,0.5665142297689002,0.5334209653650523,1,0.011714589989350373,0.253284885833613
06037,"Los Angeles, California",county,12,0,"Los Angeles, California",county,12.0,0.0,2023.0,6.0,37.0,CA,9663345.0,49.47113,71.305275,9.6857252,19.008997,20.208014,79.791985,15.737501,LOS ANGELES,CA,5.0,19.0,1.0,0.34075045761261036,0.6703752288063052,1,0.011714589989350373,0.3543772736781678
08077,"Mesa, Colorado",county,11,0,"Mesa, Colorado",county,11.0,0.0,2023.0,8.0,77.0,CO,159681.0,49.648361,95.019447,1.5894189,3.3911362,20.048096,79.951904,21.694504,MESA,CO,6.0,39.0,0.016466184189569598,0.33409087454553676,0.17527852936755317,0,0.010649627263045794,0.07109668111936632
53033,"King, Washington",county,10,0,"King, Washington",county,10.0,0.0,2023.0,53.0,33.0,WA,2271380.0,50.700367,65.607033,8.6600218,25.732946,19.144793,80.855209,14.49577,KING,WA,48.0,17.0,0.23500583114184717,0.29647396235781004,0.2657398967498286,0,0.009584664536741214,0.12625076647080113
20189,"Stevens, Kansas",county,10,0,"Stevens, Kansas",county,10.0,0.0,2023.0,20.0,189.0,KS,5077.0,49.064407,95.331886,1.7727004,2.8954108,28.678354,71.321648,16.702778,STEVENS,KS,17.0,95.0,0.0004662222738752116,0.6934870653513074,0.3469766438125913,1,0.009584664536741214,0.13291682037177904
06089,"Shasta, California",county,10,0,"Shasta, California",county,10.0,0.0,2023.0,6.0,89.0,CA,180366.0,49.216038,89.111588,2.366854,8.5215616,21.519577,78.480423,21.89049,SHASTA,CA,5.0,45.0,0.018606874030881196,0.39536884169820663,0.2069878578645439,0,0.009584664536741214,0.08267788603570542
48309,"McLennan, Texas",county,9,0,"McLennan, Texas",county,9.0,0.0,2023.0,48.0,309.0,TX,268583.0,49.072727,80.713966,15.685282,3.600749,23.883865,76.116135,15.562042,MCLENNAN,TX,44.0,155.0,0.027736447912002072,0.49382662837941527,0.26078153814570865,0,0.008519701810436636,0.10317357404748755
06061,"Placer, California",county,9,0,"Placer, California",county,9.0,0.0,2023.0,6.0,61.0,CA,423561.0,49.172611,83.423874,3.0786593,13.497465,21.507174,78.492828,20.957312,PLACER,CA,5.0,31.0,0.04377511507307478,0.3948523344333526,0.2193137247532137,0,0.008519701810436636,0.08936230940846225
08001,"Adams, Colorado",county,9,0,"Adams, Colorado",county,9.0,0.0,2023.0,8.0,1.0,CO,533365.0,50.784737,86.128639,5.3402452,8.5311184,24.298744,75.701256,11.569563,ADAMS,CO,6.0,1.0,0.0551387267402432,0.5111037401697357,0.28312123345498946,0,0.008519701810436636,0.11423226601438577
48491,"Williamson, Texas",county,8,0,"Williamson, Texas",county,8.0,0.0,2023.0,48.0,491.0,TX,697191.0,49.984726,77.833481,8.8008881,13.365634,23.675865,76.324135,13.088379,WILLIAMSON,TX,44.0,246.0,0.07209307307539979,0.4851647311698996,0.2786289021226497,0,0.007454739084132056,0.11383764530624008
48397,"Rockwall, Texas",county,8,0,"Rockwall, Texas",county,8.0,0.0,2023.0,48.0,397.0,TX,131307.0,49.729259,83.457092,10.894317,5.6485944,26.42738,73.572617,12.739611,ROCKWALL,TX,44.0,199.0,0.01352976003886255,0.5997480970374021,0.3066389285381323,0,0.007454739084132056,0.11837518867296973
45045,"Greenville, South Carolina",county,8,0,"Greenville, South Carolina",county,8.0,0.0,2023.0,45.0,45.0,SC,558036.0,48.541847,77.545357,18.666538,3.7881069,22.782938,77.217064,17.120043,GREENVILLE,SC,41.0,23.0,0.05769192756572052,0.44797991439297075,0.25283592097934565,0,0.007454739084132056,0.10279987216423271
42049,"Erie, Pennsylvania",county,8,0,"Erie, Pennsylvania",county,8.0,0.0,2023.0,42.0,49.0,PA,267571.0,49.683636,87.973656,9.1553268,2.8710136,20.512686,79.487312,20.319839,ERIE,PA,39.0,25.0,0.02763171607156662,0.35343813812519476,0.19053492709838069,0,0.007454739084132056,0.07661326392138681
46083,"Lincoln, South Dakota",county,8,0,"Lincoln, South Dakota",county,8.0,0.0,2023.0,46.0,83.0,SD,73238.0,49.789726,93.848824,2.9124224,3.2387559,26.047953,73.952049,15.146508,LINCOLN,SD,42.0,42.0,0.00752020149909348,0.583947338996465,0.29573377024777925,0,0.007454739084132056,0.1137164159214262
18003,"Allen, Indiana",county,8,0,"Allen, Indiana",county,8.0,0.0,2023.0,18.0,3.0,IN,394545.0,49.1954,79.712837,13.658011,6.6291552,25.254408,74.74559,16.032139,ALLEN,IN,15.0,2.0,0.040772250367466976,0.5509011600487482,0.2958367052081076,0,0.007454739084132056,0.11709278653804929
38017,"Cass, North Dakota",county,8,0,"Cass, North Dakota",county,8.0,0.0,2023.0,38.0,17.0,ND,196362.0,50.861164,86.759659,7.8630285,5.3773131,22.1056,77.894402,13.176174,CASS,ND,35.0,9.0,0.02026229944551114,0.41977302914249504,0.2200176642940031,0,0.007454739084132056,0.08683771733792826
17031,"Cook, Illinois",county,8,0,"Cook, Illinois",county,8.0,0.0,2023.0,17.0,31.0,IL,5087072.0,48.77755,66.339966,23.956884,9.703146,20.748516,79.25148,16.571831,COOK,IL,14.0,16.0,0.5264016861412351,0.363258980523849,0.444830333332542,1,0.007454739084132056,0.22125273118679903
10001,"Kent, Delaware",county,8,0,"Kent, Delaware",county,8.0,0.0,2023.0,10.0,1.0,DE,189789.0,47.992245,64.142281,31.978144,3.8795714,22.650944,77.349052,18.619625,KENT,DE,8.0,1.0,0.01958205993248522,0.4424831910262744,0.23103262547937983,0,0.007454739084132056,0.09086575219701078
53071,"Walla Walla, Washington",county,7,0,"Walla Walla, Washington",county,7.0,0.0,2023.0,53.0,71.0,WA,61568.0,50.789371,92.765724,2.7140722,4.5202055,20.468426,79.531578,20.552885,WALLA WALLA,WA,48.0,36.0,0.006312473655336827,0.35159498634397773,0.17895372999965728,0,0.006389776357827476,0.06974019487862808
53037,"Kittitas, Washington",county,7,0,"Kittitas, Washington",county,7.0,0.0,2023.0,53.0,37.0,WA,45508.0,50.584511,93.656059,1.7886965,4.555243,17.366177,82.63382,18.990068,KITTITAS,WA,48.0,19.0,0.004650424883208992,0.22240574616934886,0.11352808552627892,0,0.006389776357827476,0.04524239014262054
56007,"Carbon, Wyoming",county,7,0,"Carbon, Wyoming",county,7.0,0.0,2023.0,56.0,7.0,WY,14334.0,53.746338,94.432816,1.9952561,3.5719268,21.91991,78.080086,19.680479,CARBON,WY,51.0,4.0,0.0014242288419690705,0.41204020369617317,0.20673221626907112,0,0.006389776357827476,0.07957993795579768
42097,"Northumberland, Pennsylvania",county,7,0,"Northumberland, Pennsylvania",county,7.0,0.0,2023.0,42.0,97.0,PA,90120.0,50.735687,94.893478,4.1023078,1.0042166,19.731468,80.268532,22.670883,NORTHUMBERLAND,PA,39.0,49.0,0.009267319019084895,0.32090530151835145,0.16508631026871817,0,0.006389776357827476,0.06487970938983148
37021,"Buncombe, North Carolina",county,7,0,"Buncombe, North Carolina",county,7.0,0.0,2023.0,37.0,21.0,NC,275901.0,48.191563,90.809746,6.6313643,2.5588889,17.503742,82.496254,21.846605,BUNCOMBE,NC,34.0,11.0,0.028493787445901916,0.22813446679255564,0.12831412711922877,0,0.006389776357827476,0.05313470468699621
26133,"Osceola, Michigan",county,7,0,"Osceola, Michigan",county,7.0,0.0,2023.0,26.0,133.0,MI,23330.0,51.105869,96.510933,1.9931419,1.495928,21.911701,78.088295,22.918989,OSCEOLA,MI,23.0,67.0,0.002355224530266829,0.41169835026255336,0.2070267873964101,0,0.006389776357827476,0.07978294550992555
26161,"Washtenaw, Michigan",county,7,0,"Washtenaw, Michigan",county,7.0,0.0,2023.0,26.0,161.0,MI,365536.0,49.856102,75.451393,13.568568,10.980041,17.955276,82.044724,16.465958,WASHTENAW,MI,23.0,81.0,0.03777011009158551,0.24693802974737042,0.14235406991947797,0,0.006389776357827476,0.059287205802294574
30049,"Lewis and Clark, Montana",county,7,0,"Lewis and Clark, Montana",county,7.0,0.0,2023.0,30.0,49.0,MT,75011.0,49.667385,95.266029,0.87187213,3.8621001,21.071577,78.928421,20.743624,LEWIS AND CLARK,MT,27.0,25.0,0.007703689199777331,0.37671244770848056,0.19220806845412894,0,0.006389776357827476,0.07480897356317567
48219,"Hockley, Texas",county,7,0,"Hockley, Texas",county,7.0,0.0,2023.0,48.0,219.0,TX,21460.0,50.046597,92.996269,4.6598325,2.3438957,26.453867,73.546135,15.666356,HOCKLEY,TX,44.0,110.0,0.002161698303375232,0.600851114688308,0.3015064064958416,0,0.006389776357827476,0.11489927321496321
48329,"Midland, Texas",county,7,0,"Midland, Texas",county,7.0,0.0,2023.0,48.0,329.0,TX,177108.0,50.997696,87.992073,8.0374689,3.9704587,29.304153,70.695847,10.761795,MIDLAND,TX,44.0,165.0,0.01826970373825402,0.7195476740619695,0.36890868890011175,1,0.006389776357827476,0.1415823578140828
48111,"Dallam, Texas",county,7,0,"Dallam, Texas",county,7.0,0.0,2023.0,48.0,111.0,TX,7237.0,52.742851,91.21183,3.2610197,5.5271521,34.599972,65.400024,10.999033,DALLAM,TX,44.0,56.0,0.0006897605894291421,0.9400853654956238,0.4703875630425265,1,0.006389776357827476,0.17755623933445083
20145,"Pawnee, Kansas",county,7,0,"Pawnee, Kansas",county,7.0,0.0,2023.0,20.0,145.0,KS,6126.0,55.501141,90.515831,7.1825008,2.3016651,16.307541,83.692459,24.649036,PAWNEE,KS,17.0,73.0,0.0005747832428641343,0.17832018744678715,0.08944748534482565,0,0.006389776357827476,0.03587798109431971
12031,"Duval, Florida",county,7,0,"Duval, Florida",county,7.0,0.0,2023.0,12.0,31.0,FL,1030822.0,48.459095,61.525658,32.06567,6.4086719,22.277658,77.722343,15.712218,DUVAL,FL,10.0,16.0,0.10662053222196154,0.426938167171701,0.26677934969683126,0,0.006389776357827476,0.11247108974777852
12011,"Broward, Florida",county,7,0,"Broward, Florida",county,7.0,0.0,2023.0,12.0,11.0,FL,1962531.0,49.075302,63.509979,31.312626,5.1773958,20.546936,79.453064,18.485109,BROWARD,FL,10.0,6.0,0.20304306020642315,0.35486443610320395,0.27895374815481355,0,0.006389776357827476,0.1266782095789962
42133,"York, Pennsylvania",county,7,0,"York, Pennsylvania",county,7.0,0.0,2023.0,42.0,133.0,PA,464640.0,49.76498,88.405647,9.0371037,2.5572486,21.724346,78.275658,19.244576,YORK,PA,39.0,67.0,0.04802637917707474,0.4038961879948187,0.22596128358594672,0,0.006389776357827476,0.09140925469164031
16027,"Canyon, Idaho",county,6,0,"Canyon, Idaho",county,6.0,0.0,2023.0,16.0,27.0,ID,257674.0,49.941399,94.444534,1.4231161,4.1323533,26.290972,73.70903,14.715105,CANYON,ID,13.0,14.0,0.02660747592849382,0.5940675582174232,0.3103375170729585,0,0.005324813631522897,0.1202115153541499
20097,"Kiowa, Kansas",county,6,0,"Kiowa, Kansas",county,6.0,0.0,2023.0,20.0,97.0,KS,2374.0,49.957874,93.97641,2.52738,3.4962089,24.094355,75.905647,23.673126,KIOWA,KS,17.0,49.0,0.00018648890955008464,0.5025922184930256,0.25138935370128784,0,0.005324813631522897,0.09563711434763063
16021,"Boundary, Idaho",county,6,0,"Boundary, Idaho",county,6.0,0.0,2023.0,16.0,21.0,ID,13557.0,50.962601,94.187508,1.1580733,4.6544223,23.611418,76.38858,23.360626,BOUNDARY,ID,13.0,11.0,0.0013438171423461982,0.482480917278257,0.2419123672103016,0,0.005324813631522897,0.09222892624801726
56013,"Fremont, Wyoming",county,6,0,"Fremont, Wyoming",county,6.0,0.0,2023.0,56.0,13.0,WY,39815.0,50.910461,75.451462,1.0624137,23.486124,24.274771,75.725227,20.504835,FREMONT,WY,51.0,7.0,0.004061256535779118,0.5101054148726025,0.25708333570419084,0,0.005324813631522897,0.09814361130759254
12103,"Pinellas, Florida",county,6,0,"Pinellas, Florida",county,6.0,0.0,2023.0,12.0,103.0,FL,961596.0,48.274117,83.63398,11.528335,4.8376865,15.138686,84.861313,27.02507,PINELLAS,FL,10.0,52.0,0.09945633618837987,0.12964469772165035,0.11455051695501511,0,0.005324813631522897,0.054713963636052854
38073,"Ransom, North Dakota",county,6,0,"Ransom, North Dakota",county,6.0,0.0,2023.0,38.0,73.0,ND,5603.0,52.204174,95.966446,1.6062824,2.4272711,21.649117,78.350883,22.57719,RANSOM,ND,35.0,37.0,0.0005206579933110299,0.40076337133532514,0.20064201466431808,0,0.005324813631522897,0.07679837798065314
08123,"Weld, Colorado",county,6,0,"Weld, Colorado",county,6.0,0.0,2023.0,8.0,123.0,CO,359442.0,50.788445,92.837234,2.392041,4.7707281,25.234114,74.765884,13.194618,WELD,CO,6.0,62.0,0.037139442269832894,0.5500560420585082,0.29359774216417056,0,0.005324813631522897,0.11504348623072218
06065,"Riverside, California",county,6,0,"Riverside, California",county,6.0,0.0,2023.0,6.0,65.0,CA,2492442.0,50.170113,79.931931,8.4807587,11.587311,23.802399,76.197601,15.738541,RIVERSIDE,CA,5.0,33.0,0.2578835288793393,0.49043407973484604,0.3741588043070927,1,0.005324813631522897,0.1671630586843507
06059,"Orange, California",county,6,0,"Orange, California",county,6.0,0.0,2023.0,6.0,59.0,CA,3135755.0,49.486038,70.876076,2.6977236,26.426203,20.597273,79.402725,16.899311,ORANGE,CA,5.0,30.0,0.3244599660987586,0.3569606568716434,0.34071031148520103,1,0.005324813631522897,0.16140743719431552
08005,"Arapahoe, Colorado",county,6,0,"Arapahoe, Colorado",county,6.0,0.0,2023.0,8.0,5.0,CO,656061.0,49.856037,76.969368,13.538985,9.4916477,22.232689,77.767311,14.931843,ARAPAHOE,CO,6.0,3.0,0.06783653098339369,0.42506548998124577,0.24645101048231974,0,0.005324813631522897,0.10059182736957636
05045,"Faulkner, Arkansas",county,6,0,"Faulkner, Arkansas",county,6.0,0.0,2023.0,5.0,45.0,AR,129951.0,48.396702,84.047836,13.368115,2.5840509,22.479242,77.52076,14.229979,FAULKNER,AR,4.0,23.0,0.013389427651875917,0.43533287816729244,0.22436115290958417,0,0.005324813631522897,0.08691108422086766
35043,"Sandoval, New Mexico",county,6,0,"Sandoval, New Mexico",county,6.0,0.0,2023.0,35.0,43.0,NM,155936.0,49.455544,78.720116,3.6482916,17.631592,21.346579,78.653419,20.443003,SANDOVAL,NM,32.0,23.0,0.016078614285981882,0.38816455855661136,0.20212158642129663,0,0.005324813631522897,0.07891043620134847
45077,"Pickens, South Carolina",county,6,0,"Pickens, South Carolina",county,6.0,0.0,2023.0,45.0,77.0,SC,135495.0,49.88007,89.790764,7.6652274,2.5440054,18.425772,81.574226,17.610245,PICKENS,SC,41.0,39.0,0.013963175995131005,0.26653124123529476,0.1402472086152129,0,0.005324813631522897,0.05568778722370244
08065,"Lake, Colorado",county,6,0,"Lake, Colorado",county,6.0,0.0,2023.0,8.0,65.0,CO,7365.0,53.346912,93.455536,1.9551935,4.5892735,20.312288,79.687714,15.695859,LAKE,CO,6.0,33.0,0.0007030073044249306,0.34509281660119223,0.17289791195280857,0,0.005324813631522897,0.06649900856898992
46051,"Grant, South Dakota",county,6,0,"Grant, South Dakota",county,6.0,0.0,2023.0,46.0,51.0,SD,7553.0,51.913147,96.213425,1.1253806,2.6611943,22.348736,77.651268,24.665695,GRANT,SD,42.0,26.0,0.0007224634170749949,0.4298981206806335,0.21531029204885424,0,0.005324813631522897,0.08227358044800305
21067,"Fayette, Kentucky",county,6,0,"Fayette, Kentucky",county,6.0,0.0,2023.0,21.0,67.0,KY,320154.0,49.209755,77.444916,17.33572,5.2193632,20.754074,79.245926,15.407897,FAYETTE,KY,18.0,34.0,0.03307352868581307,0.3634904364117841,0.19828198254879859,0,0.005324813631522897,0.0791886140589162
35013,"Dona Ana, New Mexico",county,5,0,"Dona Ana, New Mexico",county,5.0,0.0,2023.0,35.0,13.0,NM,225210.0,49.277119,92.16465,3.0589228,4.7764311,22.593136,77.406868,17.380222,DONA ANA,NM,32.0,7.0,0.023247777837686966,0.44007584990181453,0.23166181386975074,0,0.004259850905218318,0.09018977629368204
37149,"Polk, North Carolina",county,5,0,"Polk, North Carolina",county,5.0,0.0,2023.0,37.0,149.0,NC,20060.0,47.851444,93.015953,4.9900298,1.994018,15.224327,84.775673,32.881355,POLK,NC,34.0,75.0,0.0020168123581087954,0.1332111089664587,0.06761396066228376,0,0.004259850905218318,0.027051165580147113
29039,"Cedar, Missouri",county,5,0,"Cedar, Missouri",county,5.0,0.0,2023.0,29.0,39.0,MO,14672.0,49.877319,96.660309,1.4926391,1.8470557,24.359324,75.640678,23.439203,CEDAR,MO,26.0,20.0,0.0014592084487548243,0.5136265177320072,0.257542863090381,0,0.004259850905218318,0.09762730541089179
04005,"Coconino, Arizona",county,5,0,"Coconino, Arizona",county,5.0,0.0,2023.0,4.0,5.0,AZ,144472.0,49.503017,67.316849,2.1381307,30.545019,19.108892,80.891106,15.004984,COCONINO,AZ,3.0,3.0,0.014892205374171576,0.29497891057070036,0.15493555797243597,0,0.004259850905218318,0.0608174733120091
23019,"Penobscot, Maine",county,5,0,"Penobscot, Maine",county,5.0,0.0,2023.0,23.0,19.0,ME,155312.0,49.821648,95.549606,1.5510714,2.8993251,17.433296,82.566704,20.733105,PENOBSCOT,ME,20.0,10.0,0.016014036550377413,0.22520083212514438,0.1206074343377609,0,0.004259850905218318,0.04816390343676255
16019,"Bonneville, Idaho",county,5,0,"Bonneville, Idaho",county,5.0,0.0,2023.0,16.0,19.0,ID,131366.0,50.219997,95.529282,1.1730585,3.297657,29.303625,70.696373,14.095733,BONNEVILLE,ID,13.0,10.0,0.013535865946555922,0.7195256861690532,0.36653077605780454,1,0.004259850905218318,0.1393708542328977
35049,"Santa Fe, New Mexico",county,5,0,"Santa Fe, New Mexico",county,5.0,0.0,2023.0,35.0,49.0,NM,155956.0,48.966377,91.246887,1.6453359,7.1077738,15.51335,84.486649,28.985739,SANTA FE,NM,32.0,26.0,0.016080684085199973,0.14524710664523685,0.08066389536521841,0,0.004259850905218318,0.033316105552797196
48369,"Parmer, Texas",county,5,0,"Parmer, Texas",county,5.0,0.0,2023.0,48.0,369.0,TX,9617.0,52.386398,94.260162,2.2356243,3.5042112,27.888115,72.111885,15.482999,PARMER,TX,44.0,185.0,0.0009360666963820841,0.660578560596738,0.3307573136465601,0,0.004259850905218318,0.12480230112562223
48189,"Hale, Texas",county,5,0,"Hale, Texas",county,5.0,0.0,2023.0,48.0,189.0,TX,31761.0,52.441673,90.976357,6.0923777,2.931268,25.990995,74.009003,14.391864,HALE,TX,44.0,95.0,0.0032277483906534904,0.5815753950481016,0.2924015717193776,0,0.004259850905218318,0.11076835018515463
12033,"Escambia, Florida",county,5,0,"Escambia, Florida",county,5.0,0.0,2023.0,12.0,33.0,FL,326928.0,49.249374,70.8367,23.851734,5.3115673,20.890226,79.109772,18.215937,ESCAMBIA,FL,10.0,17.0,0.03377456968098081,0.36916031443519737,0.20146744205808909,0,0.004259850905218318,0.080017636155186
39035,"Cuyahoga, Ohio",county,5,0,"Cuyahoga, Ohio",county,5.0,0.0,2023.0,39.0,35.0,OH,1233088.0,47.940536,64.079689,31.630426,4.2898803,20.331396,79.668602,20.061829,CUYAHOGA,OH,36.0,18.0,0.12755303265429085,0.34588854511984346,0.23672078888706716,0,0.004259850905218318,0.10254208898095818
56039,"Teton, Wyoming",county,5,0,"Teton, Wyoming",county,5.0,0.0,2023.0,56.0,39.0,WY,23232.0,52.449207,95.191978,1.3515841,3.4564395,16.752754,83.247246,18.526171,TETON,WY,51.0,20.0,0.0023450825140981786,0.19686052034265297,0.09960280142837558,0,0.004259850905218318,0.03898035830383462
49043,"Summit, Utah",county,5,0,"Summit, Utah",county,5.0,0.0,2023.0,49.0,43.0,UT,42759.0,51.254707,95.322624,1.3821652,3.2952127,22.229239,77.77076,16.646788,SUMMIT,UT,45.0,22.0,0.004365930980682254,0.4249218190900302,0.21464387503535623,0,0.004259850905218318,0.08196552208127846
48459,"Upshur, Texas",county,5,0,"Upshur, Texas",county,5.0,0.0,2023.0,48.0,459.0,TX,43281.0,49.509022,89.002106,8.7035885,2.2943094,23.758694,76.24131,18.9552,UPSHUR,TX,44.0,230.0,0.004419952740274453,0.48861404022743304,0.24651699648385375,0,0.004259850905218318,0.09382414916495152
48019,"Bandera, Texas",county,5,0,"Bandera, Texas",county,5.0,0.0,2023.0,48.0,19.0,TX,22637.0,49.485355,95.370415,2.1336749,2.4959137,16.901533,83.098465,29.712418,BANDERA,TX,44.0,10.0,0.0022835059873599433,0.2030562338279152,0.10266986990763757,0,0.004259850905218318,0.040114780114052936
48439,"Tarrant, Texas",county,4,0,"Tarrant, Texas",county,4.0,0.0,2023.0,48.0,439.0,TX,2182947.0,49.105133,71.865234,19.970572,8.1641932,25.085079,74.914917,12.661782,TARRANT,TX,44.0,220.0,0.2258539034291709,0.5438496677766804,0.38485178560292566,1,0.003194888178913738,0.16707229634988502
48381,"Randall, Texas",county,4,0,"Randall, Texas",county,4.0,0.0,2023.0,48.0,381.0,TX,148255.0,49.339989,91.505852,4.8389597,3.6551888,23.690937,76.309059,16.09659,RANDALL,TX,44.0,191.0,0.015283707896273669,0.4857923855676968,0.25053804673198526,0,0.003194888178913738,0.09598412629295373
42011,"Berks, Pennsylvania",county,4,0,"Berks, Pennsylvania",county,4.0,0.0,2023.0,42.0,11.0,PA,432821.0,49.584702,87.021423,9.6109018,3.3676739,21.758879,78.241119,18.45405,BERKS,PA,39.0,6.0,0.04473343211105135,0.4053342711502812,0.22503385163066628,0,0.003194888178913738,0.08945582864230218
08083,"Montezuma, Colorado",county,4,0,"Montezuma, Colorado",county,4.0,0.0,2023.0,8.0,83.0,CO,26531.0,49.60989,82.884171,1.545362,15.570465,20.726698,79.2733,25.121555,MONTEZUMA,CO,6.0,42.0,0.002686495895122446,0.36235039747905473,0.18251844668708858,0,0.003194888178913738,0.06942390901727614
36071,"Orange, New York",county,4,0,"Orange, New York",county,4.0,0.0,2023.0,36.0,71.0,NY,407470.0,49.856186,78.856354,16.29985,4.843792,25.574398,74.425598,15.020493,ORANGE,NY,33.0,36.0,0.0421098581121589,0.5642267393183295,0.3031682987152442,0,0.003194888178913738,0.11824965062836659
48147,"Fannin, Texas",county,4,0,"Fannin, Texas",county,4.0,0.0,2023.0,48.0,147.0,TX,37571.0,53.381599,89.891136,7.4472332,2.6616273,21.178568,78.821434,17.958,FANNIN,TX,44.0,74.0,0.0038290250635092016,0.38116795272936166,0.19249848889643542,0,0.003194888178913738,0.07325005402982744
42091,"Montgomery, Pennsylvania",county,4,0,"Montgomery, Pennsylvania",county,4.0,0.0,2023.0,42.0,91.0,PA,868742.0,49.01812,79.14801,11.368623,9.4833679,21.087158,78.912842,19.376524,MONTGOMERY,PA,39.0,46.0,0.08984687935854438,0.377361298768199,0.2336040890633717,0,0.003194888178913738,0.09717181642043783
08041,"El Paso, Colorado",county,4,0,"El Paso, Colorado",county,4.0,0.0,2023.0,8.0,41.0,CO,744215.0,50.814884,84.923042,8.7238235,6.353137,22.834396,77.165604,14.445288,EL PASO,CO,6.0,21.0,0.07695958499697758,0.45012281779012103,0.2635412013935493,0,0.003194888178913738,0.10701132009314274
30041,"Hill, Montana",county,4,0,"Hill, Montana",county,4.0,0.0,2023.0,30.0,41.0,MT,16276.0,50.479233,71.3013,1.1059228,27.592775,28.084295,71.915703,16.644138,HILL,MT,27.0,21.0,0.0016252063460457987,0.6687482288398284,0.3351867175929371,1,0.003194888178913738,0.12609273541428123
26117,"Montcalm, Michigan",county,4,0,"Montcalm, Michigan",county,4.0,0.0,2023.0,26.0,117.0,MI,68154.0,53.754734,93.621796,4.8947968,1.4834052,20.566658,79.433342,18.531561,MONTCALM,MI,23.0,59.0,0.006994058537854506,0.3556857338761178,0.18133989620698615,0,0.003194888178913738,0.06941804674315703
08014,"Broomfield, Colorado",county,4,0,"Broomfield, Colorado",county,4.0,0.0,2023.0,8.0,14.0,CO,76860.0,50.497005,88.071815,2.1857924,9.7423887,19.892012,80.107986,16.303669,BROOMFIELD,CO,6.0,64.0,0.007895042137489932,0.3275909535645269,0.1677429978510084,0,0.003194888178913738,0.06445198260388875
08031,"Denver, Colorado",county,4,0,"Denver, Colorado",county,4.0,0.0,2023.0,8.0,31.0,CO,716577.0,50.443569,81.639519,11.14479,7.2156935,17.704447,82.295555,12.821511,DENVER,CO,6.0,16.0,0.07409932945749631,0.23649257294368947,0.1552959512005929,0,0.003194888178913738,0.06646916966114504
04019,"Pima, Arizona",county,4,0,"Pima, Arizona",county,4.0,0.0,2023.0,4.0,19.0,AZ,1063162.0,49.404697,85.490356,5.4225979,9.0870438,19.291698,80.708305,22.018658,PIMA,AZ,3.0,10.0,0.10996739755761623,0.30259163548071344,0.20627951651916482,0,0.003194888178913738,0.08903000803558545
04017,"Navajo, Arizona",county,4,0,"Navajo, Arizona",county,4.0,0.0,2023.0,4.0,17.0,AZ,109175.0,49.840164,52.577972,1.6670483,45.754982,24.840853,75.159149,20.559652,NAVAJO,AZ,3.0,9.0,0.011239320224122,0.5336791845656651,0.27245925239489355,0,0.003194888178913738,0.1037303347562784
26055,"Grand Traverse, Michigan",county,4,0,"Grand Traverse, Michigan",county,4.0,0.0,2023.0,26.0,55.0,MI,96421.0,49.468475,95.884712,1.4685597,2.6467264,19.109945,80.890053,22.806234,GRAND TRAVERSE,MI,23.0,28.0,0.009919409262744762,0.2950227614253235,0.15247108534403414,0,0.003194888178913738,0.05897577591906753
26139,"Ottawa, Michigan",county,4,0,"Ottawa, Michigan",county,4.0,0.0,2023.0,26.0,139.0,MI,303372.0,49.629826,93.303932,2.7955778,3.9004917,22.659969,77.340034,17.143969,OTTAWA,MI,23.0,70.0,0.031336760161912114,0.442859025748947,0.23709789295542955,0,0.003194888178913738,0.09259743191012575
46019,"Butte, South Dakota",county,4,0,"Butte, South Dakota",county,4.0,0.0,2023.0,46.0,19.0,SD,10863.0,50.823898,94.375404,1.2059283,4.4186687,24.753752,75.246246,20.997883,BUTTE,SD,42.0,10.0,0.0010650151876692125,0.5300519734654439,0.26555849432655654,0,0.003194888178913738,0.10014265841449205
48085,"Collin, Texas",county,4,0,"Collin, Texas",county,4.0,0.0,2023.0,48.0,85.0,TX,1195359.0,49.837666,66.157364,12.492481,21.350155,24.376526,75.623474,11.906047,COLLIN,TX,44.0,43.0,0.1236484599193213,0.5143428732887286,0.31899566660402495,0,0.003194888178913738,0.13232110250715517
26081,"Kent, Michigan",county,4,0,"Kent, Michigan",county,4.0,0.0,2023.0,26.0,81.0,MI,661354.0,49.611252,82.984154,12.276179,4.7396703,23.211472,76.788528,15.442562,KENT,MI,23.0,41.0,0.06838430334646173,0.46582567140634856,0.26710498737640515,0,0.003194888178913738,0.1074757950865085
26099,"Macomb, Michigan",county,4,0,"Macomb, Michigan",county,4.0,0.0,2023.0,26.0,99.0,MI,875101.0,48.904869,78.946541,14.849257,6.2041984,20.473408,79.526588,18.796917,MACOMB,MI,23.0,50.0,0.09050497201993672,0.35180245543964017,0.22115371372978845,0,0.003194888178913738,0.09260774623195724
17199,"Williamson, Illinois",county,4,0,"Williamson, Illinois",county,4.0,0.0,2023.0,17.0,199.0,IL,66706.0,50.182892,91.646927,6.2183313,2.1347406,21.022097,78.977905,20.500404,WILLIAMSON,IL,14.0,100.0,0.006844205074464649,0.3746519156222938,0.1907480603483792,0,0.003194888178913738,0.07290177858073298
34003,"Bergen, New Jersey",county,4,0,"Bergen, New Jersey",county,4.0,0.0,2023.0,34.0,3.0,NJ,957736.0,49.028019,72.305832,8.6094704,19.084696,20.70863,79.291374,18.692207,BERGEN,NJ,31.0,2.0,0.09905686493928813,0.36159797844645125,0.23032742169286968,0,0.003194888178913738,0.09687783349453175
30111,"Yellowstone, Montana",county,4,0,"Yellowstone, Montana",county,4.0,0.0,2023.0,30.0,111.0,MT,170843.0,49.591732,91.530823,1.3404119,7.1287675,22.734324,77.265678,18.610655,YELLOWSTONE,MT,27.0,56.0,0.017621339133186715,0.44595544578266594,0.23178839245792632,0,0.003194888178913738,0.08924603997374508
21113,"Jessamine, Kentucky",county,4,0,"Jessamine, Kentucky",county,4.0,0.0,2023.0,21.0,113.0,KY,55017.0,48.808552,92.255119,5.5909991,2.1538796,23.481833,76.518166,17.056545,JESSAMINE,KY,18.0,57.0,0.0056345109214508094,0.4770845136729922,0.2413595122972215,0,0.003194888178913738,0.0916020885044567
48029,"Bexar, Texas",county,3,0,"Bexar, Texas",county,3.0,0.0,2023.0,48.0,29.0,TX,2087679.0,49.612751,84.188377,9.935771,5.8758554,24.459652,75.540352,13.089321,BEXAR,TX,44.0,15.0,0.2159946218337117,0.5178045505360277,0.36689958618486973,1,0.002129925452609159,0.15898037042198937
06081,"San Mateo, California",county,3,0,"San Mateo, California",county,3.0,0.0,2023.0,6.0,81.0,CA,726353.0,49.76313,59.05283,3.3454807,37.601688,19.166714,80.83329,18.678659,SAN MATEO,CA,5.0,41.0,0.07511104731529966,0.2973868347074725,0.1862489410113861,0,0.002129925452609159,0.07765576725905995
42063,"Indiana, Pennsylvania",county,3,0,"Indiana, Pennsylvania",county,3.0,0.0,2023.0,42.0,63.0,PA,83094.0,50.203384,95.081474,3.5177028,1.4008231,17.876141,82.123863,21.038824,INDIANA,PA,39.0,32.0,0.008540198553769193,0.24364255265277893,0.12609137560327405,0,0.002129925452609159,0.04860106049238352
12101,"Pasco, Florida",county,3,0,"Pasco, Florida",county,3.0,0.0,2023.0,12.0,101.0,FL,632996.0,48.992409,86.167686,8.7212238,5.1110907,20.235357,79.764641,21.820044,PASCO,FL,10.0,51.0,0.06544953503512915,0.34188912230203244,0.20366932866858078,0,0.002129925452609159,0.08316429022766647
35015,"Eddy, New Mexico",county,3,0,"Eddy, New Mexico",county,3.0,0.0,2023.0,35.0,15.0,NM,60275.0,51.06097,93.031937,2.677727,4.2903361,26.364164,73.635834,15.104106,EDDY,NM,32.0,8.0,0.006178661135887183,0.5971155465854946,0.3016471038606909,0,0.002129925452609159,0.11365090929486636
49037,"San Juan, Utah",county,3,0,"San Juan, Utah",county,3.0,0.0,2023.0,49.0,37.0,UT,14358.0,49.554256,50.508427,1.2188327,48.272739,27.79635,72.203651,15.796072,SAN JUAN,UT,45.0,19.0,0.0014267126010307806,0.6567571231090881,0.3290919178550594,0,0.002129925452609159,0.1233802463882084
12099,"Palm Beach, Florida",county,3,0,"Palm Beach, Florida",county,3.0,0.0,2023.0,12.0,99.0,FL,1533801.0,48.791794,74.848824,20.888042,4.2631345,18.648573,81.351425,25.407469,PALM BEACH,FL,10.0,50.0,0.15867380926779506,0.2758095073899933,0.2172416583288942,0,0.002129925452609159,0.09757021796105962
53065,"Stevens, Washington",county,3,0,"Stevens, Washington",county,3.0,0.0,2023.0,53.0,65.0,WA,48837.0,50.365501,91.1092,1.2265291,7.6642709,20.785471,79.214531,25.937302,STEVENS,WA,48.0,33.0,0.004994942963060397,0.3647979248093186,0.1848964338861895,0,0.002129925452609159,0.07011400604075323
48453,"Travis, Texas",county,3,0,"Travis, Texas",county,3.0,0.0,2023.0,48.0,453.0,TX,1334961.0,51.135948,79.017067,10.152881,10.830054,19.709339,80.290657,11.402505,TRAVIS,TX,44.0,227.0,0.1380958654415249,0.3199837672714795,0.2290398163565022,0,0.002129925452609159,0.09989203263887884
12095,"Orange, Florida",county,3,0,"Orange, Florida",county,3.0,0.0,2023.0,12.0,95.0,FL,1471416.0,49.213005,68.989052,23.571444,7.4395003,21.130054,78.869949,13.487416,ORANGE,FL,10.0,48.0,0.15221758805676175,0.37914764849271543,0.2656826182747386,0,0.002129925452609159,0.11493666402784683
12109,"St. Johns, Florida",county,3,0,"St. Johns, Florida",county,3.0,0.0,2023.0,12.0,109.0,FL,320110.0,49.130611,88.520508,6.1447625,5.3347287,21.426697,78.573303,21.368904,ST JOHNS,FL,10.0,55.0,0.03306897512753327,0.3915009714442652,0.21228497328589924,0,0.002129925452609159,0.0831177338415794
12081,"Manatee, Florida",county,3,0,"Manatee, Florida",county,3.0,0.0,2023.0,12.0,81.0,FL,441095.0,48.510185,86.713745,9.6453142,3.640939,17.217606,82.782394,28.979244,MANATEE,FL,10.0,41.0,0.04558970804757599,0.2162186945812962,0.13090420131443609,0,0.002129925452609159,0.05411019653047269
15003,"Honolulu, Hawaii",county,3,0,"Honolulu, Hawaii",county,3.0,0.0,2023.0,15.0,3.0,HI,989408.0,50.398823,17.886656,3.6637061,78.449638,20.365107,79.634895,20.15761,HONOLULU,HI,12.0,2.0,0.10233459898105854,0.34729239712383364,0.2248134980524461,0,0.002129925452609159,0.09473033467487581
48317,"Martin, Texas",county,3,0,"Martin, Texas",county,3.0,0.0,2023.0,48.0,317.0,TX,5216.0,50.843559,93.078987,4.3903375,2.5306749,31.537577,68.462425,11.809816,MARTIN,TX,44.0,159.0,0.00048060737844095064,0.8125557947988221,0.4065182010886315,1,0.002129925452609159,0.15207910826076568
48339,"Montgomery, Texas",county,3,0,"Montgomery, Texas",county,3.0,0.0,2023.0,48.0,339.0,TX,711354.0,49.646168,86.378372,8.1424999,5.4791284,25.773525,74.226479,14.035347,MONTGOMERY,TX,44.0,170.0,0.0735588013916916,0.5725191316531334,0.3230389665224125,0,0.002129925452609159,0.1283703925017435
24510,"Baltimore, Maryland",county,3,0,"Baltimore, Maryland",county,3.0,0.0,2023.0,24.0,510.0,MD,565239.0,46.355614,33.092197,62.873936,4.0338688,20.832426,79.167572,15.829411,BALTIMORE CITY,MD,21.0,4.0,0.05843736575411634,0.3667533064606302,0.21259533610737327,0,0.002129925452609159,0.08577982338206108
16065,"Madison, Idaho",county,3,0,"Madison, Idaho",county,3.0,0.0,2023.0,16.0,65.0,ID,54547.0,45.467209,94.987808,1.4794581,3.5327332,20.543751,79.456245,5.6630063,MADISON,ID,13.0,33.0,0.005585870639825649,0.3547318008021833,0.18015883572100447,0,0.002129925452609159,0.06841147596810615
45085,"Sumter, South Carolina",county,3,0,"Sumter, South Carolina",county,3.0,0.0,2023.0,45.0,85.0,SC,104165.0,48.074688,48.314693,49.214226,2.4710796,23.617338,76.38266,18.10013,SUMTER,SC,41.0,43.0,0.010720835519989966,0.4827274481988355,0.24672414185941274,0,0.002129925452609159,0.09368174362586004
39119,"Muskingum, Ohio",county,3,0,"Muskingum, Ohio",county,3.0,0.0,2023.0,39.0,119.0,OH,86305.0,48.985577,93.091942,5.7540121,1.1540467,22.590811,77.409187,19.161114,MUSKINGUM,OH,36.0,60.0,0.008872504818233855,0.4399790282142561,0.224425766516245,0,0.002129925452609159,0.08520371527706747
37119,"Mecklenburg, North Carolina",county,3,0,"Mecklenburg, North Carolina",county,3.0,0.0,2023.0,37.0,119.0,NC,1163701.0,48.299175,57.951828,33.841854,8.2063179,22.520218,77.479782,12.347673,MECKLENBURG,NC,34.0,60.0,0.12037217473700355,0.43703927191756703,0.27870572332728527,0,0.002129925452609159,0.11658290753112034
06085,"Santa Clara, California",county,3,0,"Santa Clara, California",county,3.0,0.0,2023.0,6.0,85.0,CA,1877592.0,50.915108,51.453243,3.4304044,45.116352,19.939102,80.060898,15.410377,SANTA CLARA,CA,5.0,43.0,0.19425272641714755,0.32955195712027724,0.2619023417687124,0,0.002129925452609159,0.11775063073366802
21239,"Woodford, Kentucky",county,3,0,"Woodford, Kentucky",county,3.0,0.0,2023.0,21.0,239.0,KY,27268.0,48.397392,93.024788,5.5999708,1.3752384,21.435383,78.564621,21.365704,WOODFORD,KY,18.0,120.0,0.002762767996309134,0.3918626889402357,0.1973127284682724,0,0.002129925452609159,0.0745073838309546
22071,"Region 1, Louisiana",county,3,0,"Region 1, Louisiana",county,3.0,0.0,2023.0,22.0,71.0,LA,364136.0,47.040939,37.492035,58.575367,3.9325967,19.495462,80.504539,18.160248,ORLEANS,LA,19.0,36.0,0.037625224146319074,0.3110771298220584,0.17435117698418873,0,0.002129925452609159,0.0694680333306249
44007,"Providence, Rhode Island",county,3,0,"Providence, Rhode Island",county,3.0,0.0,2023.0,44.0,7.0,RI,660615.0,49.142693,78.225594,14.960756,6.8136511,19.973812,80.026184,16.815241,PROVIDENCE,RI,40.0,4.0,0.06830782426535323,0.3309974112171152,0.19965261774123422,0,0.002129925452609159,0.08195746363142802
46011,"Brookings, South Dakota",county,3,0,"Brookings, South Dakota",county,3.0,0.0,2023.0,46.0,11.0,SD,35980.0,51.759312,92.317955,2.2790439,5.4030018,20.753197,79.246803,14.030017,BROOKINGS,SD,42.0,6.0,0.003664372535709987,0.3634539148547997,0.18355914369525486,0,0.002129925452609159,0.0694831123627972
26121,"Muskegon, Michigan",county,3,0,"Muskegon, Michigan",county,3.0,0.0,2023.0,26.0,121.0,MI,176564.0,49.897488,82.601212,15.260756,2.1380348,22.25482,77.745178,18.937609,MUSKEGON,MI,23.0,61.0,0.01821340519952192,0.4259871075155908,0.22210025635755637,0,0.002129925452609159,0.08527659769722105
02020,"Anchorage, Alaska",county,3,0,"Anchorage, Alaska",county,3.0,0.0,2023.0,2.0,20.0,AK,286075.0,51.146027,65.797432,7.9318361,26.270733,23.312069,76.687935,13.294415,ANCHORAGE,AK,2.0,2.0,0.029546694308145292,0.47001490637551036,0.2497808003418278,0,0.002129925452609159,0.09670835671658753
34017,"Hudson, New Jersey",county,3,0,"Hudson, New Jersey",county,3.0,0.0,2023.0,34.0,17.0,NJ,705472.0,49.950386,63.536186,16.720436,19.743378,19.441593,80.558403,13.11108,HUDSON,NJ,31.0,9.0,0.07295007344165076,0.3088338233760036,0.1908919484088272,0,0.002129925452609159,0.07916550721143935
48003,"Andrews, Texas",county,3,0,"Andrews, Texas",county,3.0,0.0,2023.0,48.0,3.0,TX,18664.0,50.701885,94.658165,2.630733,2.7111015,31.038363,68.961639,10.37291,ANDREWS,TX,44.0,2.0,0.0018723403726859775,0.7917666584836724,0.39681949942817923,1,0.002129925452609159,0.14861199845153591
12071,"Lee, Florida",county,3,0,"Lee, Florida",county,3.0,0.0,2023.0,12.0,71.0,FL,834573.0,49.189945,87.321899,9.881341,2.7967596,17.052313,82.947685,29.048267,LEE,FL,10.0,36.0,0.0863107308843952,0.20933527643008243,0.14782300365723883,0,0.002129925452609159,0.06448996368012376
12057,"Hillsborough, Florida",county,3,0,"Hillsborough, Florida",county,3.0,0.0,2023.0,12.0,57.0,FL,1535564.0,49.288731,74.335228,19.467049,6.1977229,21.461821,78.538177,15.367448,HILLSBOROUGH,FL,10.0,29.0,0.15885626206886988,0.392963666048049,0.27590996405845947,0,0.002129925452609159,0.119406522361476
53063,"Spokane, Washington",county,2,0,"Spokane, Washington",county,2.0,0.0,2023.0,53.0,63.0,WA,551455.0,49.908516,90.274452,3.4726315,6.2529125,21.323952,78.676048,17.80381,SPOKANE,WA,48.0,32.0,0.057010860133007366,0.3872222857289204,0.2221165729309639,0,0.0010649627263045794,0.08875146047269482
53073,"Whatcom, Washington",county,2,0,"Whatcom, Washington",county,2.0,0.0,2023.0,53.0,73.0,WA,231919.0,49.555233,87.799187,2.1779156,10.022896,18.16798,81.832016,19.249393,WHATCOM,WA,48.0,37.0,0.02394209198539591,0.2557958190937782,0.13986895553958706,0,0.0010649627263045794,0.05484493794804821
12086,"Miami-Dade, Florida",county,2,0,"Miami-Dade, Florida",county,2.0,0.0,2023.0,12.0,86.0,FL,2686867.0,49.135742,80.252502,17.290064,2.4574347,19.822157,80.177841,17.403727,MIAMI-DADE,FL,10.0,13.0,0.27800456452821565,0.3246819303454369,0.3013432474368263,0,0.0010649627263045794,0.14039984983278284
12073,"Leon, Florida",county,2,0,"Leon, Florida",county,2.0,0.0,2023.0,12.0,73.0,FL,296913.0,47.160278,62.217888,33.141693,4.6404166,18.323549,81.676453,15.282591,LEON,FL,10.0,37.0,0.030668318504429318,0.2622742935504471,0.14647130602743821,0,0.0010649627263045794,0.05797549632738574
48163,"Frio, Texas",county,2,0,"Frio, Texas",county,2.0,0.0,2023.0,48.0,163.0,TX,17987.0,58.003002,90.304108,5.4761772,4.2197142,25.807528,74.192474,12.236615,FRIO,TX,44.0,82.0,0.001802277669153565,0.5739351436282064,0.28786871064867997,0,0.0010649627263045794,0.10766158271661672
16055,"Kootenai, Idaho",county,2,0,"Kootenai, Idaho",county,2.0,0.0,2023.0,16.0,55.0,ID,185010.0,49.87244,95.892113,0.88914114,3.218745,22.135561,77.864441,20.42214,KOOTENAI,ID,13.0,28.0,0.01908748140932215,0.42102071713429456,0.22005409927180836,0,0.0010649627263045794,0.08417741943570249
48305,"Lynn, Texas",county,2,0,"Lynn, Texas",county,2.0,0.0,2023.0,48.0,305.0,TX,5761.0,51.935429,93.334488,3.8014233,2.8640862,27.859747,72.140251,16.177748,LYNN,TX,44.0,153.0,0.0005370094071339563,0.6593972110773171,0.3299671102422255,0,0.0010649627263045794,0.12319041900201735
21111,"Jefferson, Kentucky",county,2,0,"Jefferson, Kentucky",county,2.0,0.0,2023.0,21.0,111.0,KY,772144.0,48.577209,71.574341,24.4084,4.0172558,22.12722,77.87278,17.799917,JEFFERSON,KY,18.0,56.0,0.07984995611508208,0.42067336672744576,0.25026166142126394,0,0.0010649627263045794,0.1015110169362683
18089,"Lake, Indiana",county,2,0,"Lake, Indiana",county,2.0,0.0,2023.0,18.0,89.0,IN,500598.0,48.642624,71.716026,25.425591,2.8583813,23.01807,76.981926,18.309301,LAKE,IN,15.0,45.0,0.051747671191282256,0.45777168946348923,0.2547596803273857,0,0.0010649627263045794,0.1003626538793672
26125,"Oakland, Michigan",county,2,0,"Oakland, Michigan",county,2.0,0.0,2023.0,26.0,125.0,MI,1270426.0,49.387291,75.673592,14.634697,9.6917095,20.045008,79.954994,19.080843,OAKLAND,MI,23.0,63.0,0.13141714081454672,0.33396227868696465,0.2326897097507557,0,0.0010649627263045794,0.10015293542013448
30029,"Flathead, Montana",county,2,0,"Flathead, Montana",county,2.0,0.0,2023.0,30.0,29.0,MT,113679.0,50.184292,96.184868,0.6377607,3.1773679,21.507051,78.49295,21.256344,FLATHEAD,MT,27.0,15.0,0.011705439008036306,0.3948472122537528,0.20327632563089454,0,0.0010649627263045794,0.07719691631894283
48133,"Eastland, Texas",county,2,0,"Eastland, Texas",county,2.0,0.0,2023.0,48.0,133.0,TX,18037.0,50.047123,94.539001,2.9938459,2.4671509,21.527969,78.472031,22.165548,EASTLAND,TX,44.0,67.0,0.0018074521671987947,0.39571831593562123,0.19876288405141002,0,0.0010649627263045794,0.07452479117408102
48121,"Denton, Texas",county,2,0,"Denton, Texas",county,2.0,0.0,2023.0,48.0,121.0,TX,1007703.0,49.566887,73.196564,13.051365,13.752068,23.015909,76.984093,11.976544,DENTON,TX,44.0,61.0,0.10422794781580816,0.4576816973487307,0.28095482258226945,0,0.0010649627263045794,0.11537265476870064
27053,"Hennepin, Minnesota",county,2,0,"Hennepin, Minnesota",county,2.0,0.0,2023.0,27.0,53.0,MN,1258713.0,49.663425,74.626144,15.909663,9.4641905,21.389071,78.610931,16.25716,HENNEPIN,MN,24.0,27.0,0.13020496290247116,0.38993408421154774,0.26006952355700946,0,0.0010649627263045794,0.11021344854251519
06107,"Tulare, California",county,2,0,"Tulare, California",county,2.0,0.0,2023.0,6.0,107.0,CA,479468.0,50.046093,89.058708,2.8114493,8.1298437,29.390282,70.609718,12.194557,TULARE,CA,5.0,54.0,0.04956092831736811,0.7231344074502309,0.38634766788379954,1,0.0010649627263045794,0.14907901253598835
24033,"Prince George's, Maryland",county,2,0,"Prince George's, Maryland",county,2.0,0.0,2023.0,24.0,33.0,MD,947430.0,48.365154,28.605597,64.764153,6.6302524,21.817865,78.182137,15.630389,PRINCE GEORGE'S,MD,21.0,17.0,0.09799029740220536,0.4077906685964375,0.25289048299932143,0,0.0010649627263045794,0.10430970558848887
26103,"Marquette, Michigan",county,2,0,"Marquette, Michigan",county,2.0,0.0,2023.0,26.0,103.0,MI,66999.0,50.523144,94.49395,2.1045091,3.4015434,17.545038,82.454964,20.688368,MARQUETTE,MI,23.0,52.0,0.006874527633009696,0.2298541865385373,0.11836435708577349,0,0.0010649627263045794,0.045134284027560236
48169,"Garza, Texas",county,2,0,"Garza, Texas",county,2.0,0.0,2023.0,48.0,169.0,TX,4517.0,59.176445,88.421516,8.5012178,3.0772636,20.3675,79.6325,13.79234,GARZA,TX,44.0,85.0,0.000408267895768637,0.3473920505854797,0.17390015924062416,0,0.0010649627263045794,0.06513820292850252
35023,"Hidalgo, New Mexico",county,2,0,"Hidalgo, New Mexico",county,2.0,0.0,2023.0,35.0,23.0,NM,3965.0,50.920555,94.451447,2.8247163,2.7238336,21.437578,78.562424,23.606558,HIDALGO,NM,32.0,12.0,0.0003511414373492992,0.39195409694203787,0.1961526191896936,0,0.0010649627263045794,0.07340787183067526
37025,"Cabarrus, North Carolina",county,2,0,"Cabarrus, North Carolina",county,2.0,0.0,2023.0,37.0,25.0,NC,240016.0,49.071728,68.617508,23.071795,8.3106956,24.926672,75.073326,13.89074,CABARRUS,NC,34.0,13.0,0.024780050198840435,0.5372530083955855,0.281016529297213,0,0.0010649627263045794,0.10742002598954231
37179,"Union, North Carolina",county,2,0,"Union, North Carolina",county,2.0,0.0,2023.0,37.0,179.0,NC,256452.0,49.723534,80.025894,13.537426,6.4366822,25.24176,74.75824,13.829489,UNION,NC,34.0,90.0,0.0264810111962684,0.550374450068431,0.2884277306323497,0,0.0010649627263045794,0.11034691169814523
46103,"Pennington, South Dakota",county,2,0,"Pennington, South Dakota",county,2.0,0.0,2023.0,46.0,103.0,SD,115903.0,51.057346,84.745865,2.0853646,13.168771,21.892445,78.107559,20.467115,PENNINGTON,SD,42.0,57.0,0.011935600681088131,0.41089645847088774,0.21141602957598793,0,0.0010649627263045794,0.08024707289586996
46093,"Meade, South Dakota",county,2,0,"Meade, South Dakota",county,2.0,0.0,2023.0,46.0,93.0,SD,30954.0,52.277573,91.61982,2.6329391,5.7472377,20.701687,79.298317,17.555082,MEADE,SD,42.0,47.0,0.0031442319922034803,0.36130884598334706,0.18222653898777527,0,0.0010649627263045794,0.06850933310441214
06109,"Tuolumne, California",county,2,0,"Tuolumne, California",county,2.0,0.0,2023.0,6.0,109.0,CA,54204.0,51.481441,91.952621,2.6621652,5.3852115,17.25334,82.746658,28.693455,TUOLUMNE,CA,5.0,55.0,0.005550373583235371,0.2177067918643964,0.11162858272381589,0,0.0010649627263045794,0.04249640763587541
48017,"Bailey, Texas",county,2,0,"Bailey, Texas",county,2.0,0.0,2023.0,48.0,17.0,TX,6672.0,50.794361,90.497604,4.5413671,4.961031,29.916067,70.083931,15.452638,BAILEY,TX,44.0,9.0,0.0006312887615180445,0.74503005949016,0.37283067412583903,1,0.0010649627263045794,0.1391402916483558
45081,"Saluda, South Carolina",county,2,0,"Saluda, South Carolina",county,2.0,0.0,2023.0,45.0,81.0,SC,19123.0,50.996181,72.02845,24.68755,3.2840035,22.020603,77.979393,20.995659,SALUDA,SC,41.0,41.0,0.0019198422647411877,0.41623343646404704,0.2090766393643941,0,0.0010649627263045794,0.07837162670074999
42101,"Philadelphia, Pennsylvania",county,2,0,"Philadelphia, Pennsylvania",county,2.0,0.0,2023.0,42.0,101.0,PA,1550542.0,47.281082,45.337307,44.603821,10.058869,20.926682,79.073318,15.181659,PHILADELPHIA,PA,39.0,51.0,0.16040633470329893,0.3706784784961114,0.2655424065997052,0,0.0010649627263045794,0.11528058391432411
42041,"Cumberland, Pennsylvania",county,2,0,"Cumberland, Pennsylvania",county,2.0,0.0,2023.0,42.0,41.0,PA,270738.0,49.802761,86.235771,6.3615007,7.402729,20.341436,79.658562,19.396982,CUMBERLAND,PA,39.0,21.0,0.02795946877775148,0.3463066482351489,0.18713305850645018,0,0.0010649627263045794,0.07282514447591357
42043,"Dauphin, Pennsylvania",county,2,0,"Dauphin, Pennsylvania",county,2.0,0.0,2023.0,42.0,43.0,PA,289234.0,48.844536,70.753441,21.043514,8.2030468,22.221107,77.778893,18.537931,DAUPHIN,PA,39.0,22.0,0.029873619094642916,0.4245831722241274,0.22722839565938516,0,0.0010649627263045794,0.08792824151757
41043,"Linn, Oregon",county,2,0,"Linn, Oregon",county,2.0,0.0,2023.0,41.0,43.0,OR,131496.0,49.74828,94.123016,1.5316055,4.3453794,21.839447,78.160553,19.782351,LINN,OR,38.0,22.0,0.013549319641473519,0.4086894237193978,0.21111937168043568,0,0.0010649627263045794,0.08029874686980878
41005,"Clackamas, Oregon",county,2,0,"Clackamas, Oregon",county,2.0,0.0,2023.0,41.0,5.0,OR,423173.0,49.596737,89.422295,2.1645994,8.4131079,20.543135,79.456863,20.45499,CLACKAMAS,OR,38.0,3.0,0.043734960968243794,0.3547061482604474,0.1992205546143456,0,0.0010649627263045794,0.07890399123063256
36029,"Erie, New York",county,2,0,"Erie, New York",county,2.0,0.0,2023.0,36.0,29.0,NY,946147.0,48.659458,79.117516,14.628065,6.2544193,20.021202,79.978798,19.900818,ERIE,NY,33.0,15.0,0.09785751978236475,0.33297090789384093,0.21541421383810283,0,0.0010649627263045794,0.09035943382295304
06019,"Fresno, California",county,2,0,"Fresno, California",county,2.0,0.0,2023.0,6.0,19.0,CA,1017162.0,50.109913,76.635483,6.7213483,16.643169,27.531307,72.468689,13.205468,FRESNO,CA,5.0,10.0,0.10520685935600474,0.6457197422335993,0.375463300794802,1,0.0010649627263045794,0.15061741291625852
49057,"Weber-Morgan, Utah",county,2,0,"Weber-Morgan, Utah",county,2.0,0.0,2023.0,49.0,57.0,UT,271926.0,50.672607,93.323555,2.2789288,4.3975201,26.072535,73.927467,12.707869,WEBER,UT,45.0,29.0,0.02808241485130614,0.584971025329178,0.30652672009024207,0,0.0010649627263045794,0.11723845404925146
48389,"Reeves, Texas",county,2,0,"Reeves, Texas",county,2.0,0.0,2023.0,48.0,389.0,TX,11770.0,54.180122,93.449448,3.5344095,3.0161428,27.75701,72.242989,12.752761,REEVES,TX,44.0,195.0,0.0011588805822096825,0.6551188585118652,0.32813886954703747,0,0.0010649627263045794,0.12257294789848168
11001,"Washington, District of Columbia",county,2,0,"Washington, District of Columbia",county,2.0,0.0,2023.0,11.0,1.0,DC,678972.0,47.38266,47.538925,46.070972,6.3901014,18.644657,81.355347,13.06858,DISTRICT OF COLUMBIA,DC,9.0,1.0,0.07020758947767892,0.2756464305175296,0.17292700999760424,0,0.0010649627263045794,0.07178328141784321
12001,"Alachua, Florida",county,2,0,"Alachua, Florida",county,2.0,0.0,2023.0,12.0,1.0,FL,285994.0,48.180031,71.375977,21.209885,7.4141417,17.737785,82.262215,15.775855,ALACHUA,FL,10.0,1.0,0.02953831162131202,0.2378808918339339,0.13370960172762297,0,0.0010649627263045794,0.05311614403702489
09003,"Hartford, Connecticut",county,2,0,"Hartford, Connecticut",county,2.0,0.0,2023.0,9.0,3.0,CT,898268.0,48.843773,75.337204,17.204777,7.4580193,20.554556,79.445442,18.720694,HARTFORD,CT,7.0,2.0,0.09290252394421353,0.35518176137597574,0.22404214266009465,0,0.0010649627263045794,0.09307062989515703
53025,"Grant, Washington",county,2,0,"Grant, Washington",county,2.0,0.0,2023.0,53.0,25.0,WA,102678.0,51.058651,91.819084,2.7746937,5.4062214,27.851147,72.148857,14.98471,GRANT,WA,48.0,13.0,0.01056694594812483,0.659039074942693,0.3348030104454089,1,0.0010649627263045794,0.12599570846417127
50015,"Lamoille, Vermont",county,1,0,"Lamoille, Vermont",county,1.0,0.0,2023.0,50.0,15.0,VT,26060.0,50.330006,96.868767,1.8035303,1.3277053,19.727552,80.272446,19.455103,LAMOILLE,VT,46.0,8.0,0.0026377521235363805,0.32074222464588764,0.16168998838471202,0,0.0,0.060395224694170996
50023,"Washington, Vermont",county,1,0,"Washington, Vermont",county,1.0,0.0,2023.0,50.0,23.0,VT,60142.0,49.690731,96.822517,1.579595,1.597885,17.791227,82.208771,22.219082,WASHINGTON,VT,46.0,12.0,0.006164896971086871,0.24010641640446725,0.12313565668777707,0,0.0,0.04641144584337935
08109,"Saguache, Colorado",county,1,0,"Saguache, Colorado",county,1.0,0.0,2023.0,8.0,109.0,CO,6688.0,50.194378,92.090309,2.2727273,5.6369619,19.019138,80.980858,27.377392,SAGUACHE,CO,6.0,55.0,0.0006329446008925181,0.2912412186373212,0.14593708161910687,0,0.0,0.05433566361507585
08101,"Pueblo, Colorado",county,1,0,"Pueblo, Colorado",county,1.0,0.0,2023.0,8.0,101.0,CO,169422.0,49.684219,90.760941,3.5485356,5.6905241,21.552101,78.447899,19.999763,PUEBLO,CO,6.0,51.0,0.01747427989874128,0.39672326258687146,0.20709877124280637,0,0.0,0.0787715691738822
55133,"Waukesha, Wisconsin",county,1,0,"Waukesha, Wisconsin",county,1.0,0.0,2023.0,55.0,133.0,WI,412591.0,49.622265,92.474632,2.5339863,4.9913836,20.740395,79.259605,21.07729,WAUKESHA,WI,50.0,68.0,0.04263983020195134,0.3629207917390487,0.2027803109705,0,0.0,0.07969189629789424
55025,"Dane, Wisconsin",county,1,0,"Dane, Wisconsin",county,1.0,0.0,2023.0,55.0,25.0,WI,575347.0,50.006516,85.223351,7.0060329,7.7706151,19.359274,80.640724,15.57043,DANE,WI,50.0,13.0,0.05948344227894001,0.305405752624128,0.18244459745153402,0,0.0,0.07382019425670087
38025,"Dunn, North Dakota",county,1,0,"Dunn, North Dakota",county,1.0,0.0,2023.0,38.0,25.0,ND,4019.0,53.71983,85.145561,2.7369993,12.117442,25.97661,74.023392,19.557104,DUNN,ND,35.0,13.0,0.00035672989523814747,0.5809763498973378,0.290666539896288,0,0.0,0.10813095939942237
38013,"Burke, North Dakota",county,1,0,"Burke, North Dakota",county,1.0,0.0,2023.0,38.0,13.0,ND,2134.0,52.62418,95.970009,1.2652296,2.764761,25.07029,74.92971,23.149015,BURKE,ND,35.0,7.0,0.00016165131893298125,0.5432337985563366,0.2716977249376348,0,0.0,0.10105711760527746
42017,"Bucks, Pennsylvania",county,1,0,"Bucks, Pennsylvania",county,1.0,0.0,2023.0,42.0,17.0,PA,645984.0,49.442558,88.047539,5.3310919,6.6213713,19.738569,80.261429,21.317865,BUCKS,PA,39.0,9.0,0.06679366264735806,0.32120101369183585,0.19399733816959697,0,0.0,0.07885036478901274
42009,"Bedford, Pennsylvania",county,1,0,"Bedford, Pennsylvania",county,1.0,0.0,2023.0,42.0,9.0,PA,47350.0,50.097149,98.027458,1.1763463,0.79619855,19.503696,80.496307,24.597677,BEDFORD,PA,39.0,5.0,0.004841053391195261,0.3114200243490928,0.15813053887014406,0,0.0,0.05929269512545952
06079,"San Luis Obispo, California",county,1,0,"San Luis Obispo, California",county,1.0,0.0,2023.0,6.0,79.0,CA,281639.0,50.403885,90.449829,2.4712486,7.0789204,17.20891,82.791092,22.855499,SAN LUIS OBISPO,CA,5.0,40.0,0.029087612841572498,0.21585656064795988,0.12247208674476619,0,0.0,0.048465827111665805
06075,"San Francisco, California",county,1,0,"San Francisco, California",county,1.0,0.0,2023.0,6.0,75.0,CA,808988.0,51.339081,53.246033,6.4977479,40.256222,13.64532,86.354683,18.441435,SAN FRANCISCO,CA,5.0,38.0,0.08366294023465107,0.06745535739383504,0.07555914881424305,0,0.0,0.036498190093208344
06073,"San Diego, California",county,1,0,"San Diego, California",county,1.0,0.0,2023.0,6.0,73.0,CA,3269973.0,50.525097,76.605492,6.5108185,16.883686,20.646194,79.353806,15.910957,SAN DIEGO,CA,5.0,37.0,0.33835018167145187,0.35899791010907955,0.34867404589026574,1,0.0,0.1636335263237141
06055,"Napa, California",county,1,0,"Napa, California",county,1.0,0.0,2023.0,6.0,55.0,CA,133216.0,50.19442,84.627975,2.994385,12.377643,19.050264,80.949738,21.792427,NAPA,CA,5.0,28.0,0.013727322374229427,0.2925374215822412,0.15313237197823532,0,0.0,0.058326011562696345
36069,"Ontario, New York",county,1,0,"Ontario, New York",county,1.0,0.0,2023.0,36.0,69.0,NY,112494.0,49.325298,94.018349,3.7184205,2.2632318,18.951233,81.048767,22.96567,ONTARIO,NY,33.0,35.0,0.011582803404364357,0.28841340070457033,0.14999810205446734,0,0.0,0.05694513396308403
05007,"Benton, Arkansas",county,1,0,"Benton, Arkansas",county,1.0,0.0,2023.0,5.0,7.0,AR,311013.0,50.13649,89.026184,2.7069609,8.2668571,25.13464,74.865356,14.008739,BENTON,AR,4.0,4.0,0.032127526953184146,0.5459135730055306,0.28902054997935733,0,0.0,0.1107082281628946
04025,"Yavapai, Arizona",county,1,0,"Yavapai, Arizona",county,1.0,0.0,2023.0,4.0,25.0,AZ,249081.0,49.233784,94.066185,1.3967344,4.5370784,15.228379,84.771622,34.750141,YAVAPAI,AZ,3.0,13.0,0.025718186694440613,0.13337984938709793,0.07954901804076928,0,0.0,0.032165041552485646
41051,"Multnomah, Oregon",county,1,0,"Multnomah, Oregon",county,1.0,0.0,2023.0,41.0,51.0,OR,789698.0,49.652145,80.496086,7.6121507,11.891761,17.276098,82.7239,15.218856,MULTNOMAH,OR,38.0,26.0,0.08166661888880138,0.21865452002157984,0.1501605694551906,0,0.0,0.0640410933128661
39123,"Ottawa, Ohio",county,1,0,"Ottawa, Ohio",county,1.0,0.0,2023.0,39.0,123.0,OH,39803.0,49.92086,97.259003,1.8893049,0.85169458,17.154486,82.845512,28.208929,OTTAWA,OH,36.0,62.0,0.004060014656248263,0.2135901419281008,0.10882507829217453,0,0.0,0.040878221877210026
39075,"Holmes, Ohio",county,1,0,"Holmes, Ohio",county,1.0,0.0,2023.0,39.0,75.0,OH,44386.0,50.328934,98.772133,0.70292437,0.52494031,30.074799,69.925201,14.804217,HOLMES,OH,36.0,38.0,0.004534309147074034,0.7516402530856445,0.37808728111635925,1,0.0,0.14106098559959138
39039,"Defiance, Ohio",county,1,0,"Defiance, Ohio",county,1.0,0.0,2023.0,39.0,39.0,OH,38315.0,50.254467,95.638786,2.9753361,1.3858802,22.427248,77.572754,20.490669,DEFIANCE,OH,36.0,20.0,0.0039060215944222224,0.433167653727333,0.21853683766087761,0,0.0,0.08166315529688155
39003,"Allen, Ohio",county,1,0,"Allen, Ohio",county,1.0,0.0,2023.0,39.0,3.0,OH,100838.0,49.937523,84.264862,14.125628,1.6095123,23.407843,76.592155,19.39249,ALLEN,OH,36.0,2.0,0.01037652442006037,0.47400329360312643,0.2421899090115934,0,0.0,0.0911089860252073
38099,"Walsh, North Dakota",county,1,0,"Walsh, North Dakota",county,1.0,0.0,2023.0,38.0,99.0,ND,10305.0,51.790394,94.818047,1.2324115,3.9495389,23.406113,76.593887,22.862688,WALSH,ND,35.0,50.0,0.001007267789484447,0.4739312499388358,0.23746925886416012,0,0.0,0.08841288058856935
38097,"Traill, North Dakota",county,1,0,"Traill, North Dakota",county,1.0,0.0,2023.0,38.0,97.0,ND,7908.0,51.542744,95.283257,2.0485585,2.668184,22.875568,77.124428,21.130501,TRAILL,ND,35.0,49.0,0.000759202353196127,0.4518373737127661,0.22629828803298113,0,0.0,0.08423363752501137
06013,"Contra Costa, California",county,1,0,"Contra Costa, California",county,1.0,0.0,2023.0,6.0,13.0,CA,1155025.0,49.134693,64.93634,10.590853,24.472803,21.682562,78.317436,17.733728,CONTRA COSTA,CA,5.0,7.0,0.11947429583619526,0.4021561461053841,0.2608152209707897,0,0.0,0.10898755376995915
05125,"Saline, Arkansas",county,1,0,"Saline, Arkansas",county,1.0,0.0,2023.0,5.0,125.0,AR,129574.0,48.900242,86.928703,10.579283,2.4920123,23.094912,76.90509,18.791578,SALINE,AR,4.0,63.0,0.013350411936614882,0.46097167747009304,0.23716104470335397,0,0.0,0.08953735722732106
46013,"Brown, South Dakota",county,1,0,"Brown, South Dakota",county,1.0,0.0,2023.0,46.0,13.0,SD,37733.0,49.590542,89.518456,2.4726367,8.0089045,23.45162,76.548378,18.768717,BROWN,SD,42.0,7.0,0.0038457904371757465,0.4758263314595733,0.23983606094837454,0,0.0,0.08957801607039052
45049,"Hampton, South Carolina",county,1,0,"Hampton, South Carolina",county,1.0,0.0,2023.0,45.0,49.0,SC,18122.0,52.085861,45.430969,53.079132,1.4899018,20.306808,79.693192,20.15782,HAMPTON,SC,41.0,25.0,0.0018162488138756855,0.3448646089247108,0.17334042886929327,0,0.0,0.0646454050113019
45013,"Beaufort, South Carolina",county,1,0,"Beaufort, South Carolina",county,1.0,0.0,2023.0,45.0,13.0,SC,198979.0,49.31073,80.583878,17.019384,2.3967354,17.071651,82.928352,29.169411,BEAUFORT,SC,41.0,7.0,0.020533132673198472,0.21014058300814778,0.11533685784067313,0,0.0,0.04495356426849884
42109,"Snyder, Pennsylvania",county,1,0,"Snyder, Pennsylvania",county,1.0,0.0,2023.0,42.0,109.0,PA,39717.0,50.023918,96.772163,2.0646071,1.1632298,20.562983,79.437019,20.920513,SNYDER,PA,39.0,55.0,0.004051114519610468,0.3555326931441708,0.17979190383189064,0,0.0,0.06726897818907138
42099,"Perry, Pennsylvania",county,1,0,"Perry, Pennsylvania",county,1.0,0.0,2023.0,42.0,99.0,PA,46083.0,50.513203,97.144279,1.7468481,1.1088688,20.805937,79.194061,21.198708,PERRY,PA,39.0,50.0,0.004709931610729135,0.36565020552225097,0.18518006856649005,0,0.0,0.0693389043694017
32003,"Clark, Nevada",county,1,0,"Clark, Nevada",county,1.0,0.0,2023.0,32.0,3.0,NV,2336573.0,50.006142,69.068634,15.614577,15.316791,21.908667,78.091331,16.282907,CLARK,NV,29.0,2.0,0.2417526521631006,0.4115720031657569,0.3266623276644287,0,0.0,0.14575046581276555
31161,"Sheridan, Nebraska",county,1,0,"Sheridan, Nebraska",county,1.0,0.0,2023.0,31.0,161.0,NE,4928.0,50.426136,85.734581,1.5016234,12.763799,21.124187,78.875809,28.267046,SHERIDAN,NE,28.0,81.0,0.0004508022697004266,0.3789033246901758,0.1896770634799381,0,0.0,0.0705837155512174
31141,"Platte, Nebraska",county,1,0,"Platte, Nebraska",county,1.0,0.0,2023.0,31.0,141.0,NE,34609.0,50.749805,94.333847,2.0486,3.6175561,26.316854,73.683144,18.862146,PLATTE,NE,28.0,71.0,0.003522487799309784,0.5951453814076957,0.2993339346035027,0,0.0,0.11167205458416071
37161,"Rutherford, North Carolina",county,1,0,"Rutherford, North Carolina",county,1.0,0.0,2023.0,37.0,161.0,NC,65507.0,48.738304,88.085243,10.548491,1.3662663,19.949013,80.050987,22.591478,RUTHERFORD,NC,34.0,81.0,0.006720120611340036,0.32996468819356345,0.16834240440245174,0,0.0,0.06327899147246781
37127,"Nash, North Carolina",county,1,0,"Nash, North Carolina",county,1.0,0.0,2023.0,37.0,127.0,NC,96551.0,48.090645,54.233513,43.112965,2.6535199,21.914843,78.085159,19.815434,NASH,NC,34.0,64.0,0.00993286295766236,0.411829194882901,0.21088102892028168,0,0.0,0.07942107808601043
37109,"Lincoln, North Carolina",county,1,0,"Lincoln, North Carolina",county,1.0,0.0,2023.0,37.0,109.0,NC,95675.0,49.91795,91.188919,6.8764043,1.9346746,20.409719,79.590279,19.779461,LINCOLN,NC,34.0,55.0,0.009842205751909933,0.34915020750032844,0.17949620662611918,0,0.0,0.06774036543697355
37101,"Johnston, North Carolina",county,1,0,"Johnston, North Carolina",county,1.0,0.0,2023.0,37.0,101.0,NC,241955.0,49.268253,77.061852,20.159946,2.7782025,24.53886,75.461136,14.025335,JOHNSTON,NC,34.0,51.0,0.024980717233034452,0.5211030676233899,0.27304189242821214,0,0.0,0.10404852046658494
37081,"Guilford, North Carolina",county,1,0,"Guilford, North Carolina",county,1.0,0.0,2023.0,37.0,81.0,NC,549866.0,47.382088,55.349121,37.679726,6.9711528,21.78949,78.21051,16.299425,GUILFORD,NC,34.0,41.0,0.05684641458512996,0.4066090275708605,0.23172772107799522,0,0.0,0.0918832294979966
37023,"Burke, North Carolina",county,1,0,"Burke, North Carolina",county,1.0,0.0,2023.0,37.0,23.0,NC,88338.0,50.087166,86.834656,7.2086759,5.9566665,18.267336,81.732666,22.073174,BURKE,NC,34.0,12.0,0.009082899908752901,0.25993337418583895,0.13450813704729592,0,0.0,0.05093365608994289
36103,"Suffolk, New York",county,1,0,"Suffolk, New York",county,1.0,0.0,2023.0,36.0,103.0,NY,1523170.0,49.60799,83.535454,10.288083,6.1764607,20.535002,79.464996,18.511328,SUFFOLK,NY,33.0,52.0,0.1575736074934183,0.35436745975080797,0.25597053362211314,0,0.0,0.11101057192458137
36079,"Putnam, New York",county,1,0,"Putnam, New York",county,1.0,0.0,2023.0,36.0,79.0,NY,98060.0,50.27636,90.513969,5.8239851,3.6620436,19.342239,80.657761,19.857231,PUTNAM,NY,33.0,40.0,0.010089029308667398,0.30469635157141595,0.15739269044004167,0,0.0,0.05954513002440538
42087,"Mifflin, Pennsylvania",county,1,0,"Mifflin, Pennsylvania",county,1.0,0.0,2023.0,42.0,87.0,PA,45922.0,49.538349,97.473976,1.6767563,0.84926617,22.612255,77.387741,22.141893,MIFFLIN,PA,39.0,44.0,0.004693269727023495,0.44087203650156803,0.22278265311429576,0,0.0,0.08332114934293693
48065,"Carson, Texas",county,1,0,"Carson, Texas",county,1.0,0.0,2023.0,48.0,65.0,TX,5878.0,51.275944,94.777138,2.687989,2.5348759,23.25621,76.74379,21.044573,CARSON,TX,44.0,33.0,0.0005491177325597942,0.46768872889365287,0.23411892331310633,0,0.0,0.08712094133896252
48049,"Brown, Texas",county,1,0,"Brown, Texas",county,1.0,0.0,2023.0,48.0,49.0,TX,38709.0,49.639622,93.226379,4.6707482,2.1028702,20.509441,79.490555,21.212122,BROWN,TX,44.0,25.0,0.003946796639018634,0.353303004199979,0.17862490041949883,0,0.0,0.06682451241543037
48043,"Brewster, Texas",county,1,0,"Brewster, Texas",county,1.0,0.0,2023.0,48.0,43.0,TX,9513.0,50.85672,91.317146,3.7737832,4.9090719,16.892673,83.10733,24.093346,BREWSTER,TX,44.0,22.0,0.000925303740448006,0.20268727032177902,0.10180628703111351,0,0.0,0.037953337842697187
48039,"Brazoria, Texas",county,1,0,"Brazoria, Texas",county,1.0,0.0,2023.0,48.0,39.0,TX,398938.0,50.317593,72.305473,18.266247,9.4282818,25.453579,74.546417,13.045135,BRAZORIA,TX,44.0,20.0,0.041226881765720876,0.5591953847079619,0.3002111332368414,0,0.0,0.11578332374708616
48033,"Borden, Texas",county,1,0,"Borden, Texas",county,1.0,0.0,2023.0,48.0,33.0,TX,572.0,50.349651,96.328674,2.6223776,1.048951,20.454546,79.545456,24.825174,BORDEN,TX,44.0,17.0,0.0,0.3510169712801889,0.17550848564009444,0,0.0,0.06526934874466565
48027,"Bell, Texas",county,1,0,"Bell, Texas",county,1.0,0.0,2023.0,48.0,27.0,TX,393193.0,49.697731,66.884964,26.959534,6.1555014,27.467173,72.532829,12.161458,BELL,TX,44.0,14.0,0.040632331940323965,0.6430489628315075,0.34184064738591574,1,0.0,0.13120511932020096
48013,"Atascosa, Texas",county,1,0,"Atascosa, Texas",county,1.0,0.0,2023.0,48.0,13.0,TX,51784.0,49.976826,95.073769,2.0855863,2.8406458,26.602812,73.397186,15.085741,ATASCOSA,TX,44.0,7.0,0.005299927877846246,0.6070537410338432,0.30617683445584476,0,0.0,0.1143952738243651
06113,"Yolo, California",county,1,0,"Yolo, California",county,1.0,0.0,2023.0,6.0,113.0,CA,220544.0,48.491459,74.880295,4.3097978,20.809906,19.560268,80.439728,13.880677,YOLO,CA,5.0,57.0,0.022764893680106115,0.3137758938151347,0.1682703937476204,0,0.0,0.06486290647235761
35045,"San Juan, New Mexico",county,1,0,"San Juan, New Mexico",county,1.0,0.0,2023.0,35.0,45.0,NM,120675.0,49.283611,52.512947,1.238036,46.249016,24.614046,75.385956,17.406256,SAN JUAN,NM,32.0,24.0,0.012429454774524869,0.5242340936022102,0.2683317741883675,0,0.0,0.10103689806520519
35009,"Curry, New Mexico",county,1,0,"Curry, New Mexico",county,1.0,0.0,2023.0,35.0,9.0,NM,47222.0,51.255768,86.338997,8.3096857,5.3513193,26.430477,73.569519,13.699123,CURRY,NM,32.0,5.0,0.004827806676199472,0.5998770676896034,0.3023524371829014,0,0.0,0.11292563458844344
35005,"Chaves, New Mexico",county,1,0,"Chaves, New Mexico",county,1.0,0.0,2023.0,35.0,5.0,NM,63561.0,50.038544,91.870804,3.1654632,4.9637356,24.592125,75.407875,16.878275,CHAVES,NM,32.0,3.0,0.00651872914741969,0.5233212212525478,0.2649199751999837,0,0.0,0.09917473086249183
34031,"Passaic, New Jersey",county,1,0,"Passaic, New Jersey",county,1.0,0.0,2023.0,34.0,31.0,NJ,513395.0,49.128059,75.178368,16.073004,8.7486248,23.463221,76.536781,16.455555,PASSAIC,NJ,31.0,16.0,0.053072032220978387,0.47630944044768686,0.2646907363343326,0,0.0,0.10376285011070999
34029,"Ocean, New Jersey",county,1,0,"Ocean, New Jersey",county,1.0,0.0,2023.0,34.0,29.0,NJ,659197.0,48.725494,92.90667,4.3647041,2.7286229,25.014374,74.985626,22.987818,OCEAN,NJ,31.0,15.0,0.06816107550079051,0.5409052473814939,0.30453316144114223,0,0.0,0.12009448712994633
32031,"Washoe, Nevada",county,1,0,"Washoe, Nevada",county,1.0,0.0,2023.0,32.0,31.0,NV,498022.0,50.800568,85.334785,3.9719129,10.693303,20.397493,79.602509,18.300196,WASHOE,NV,29.0,16.0,0.05148108105199201,0.34864107117684995,0.20006107611442098,0,0.0,0.07956819899352498
31109,"Lancaster, Nebraska",county,1,0,"Lancaster, Nebraska",county,1.0,0.0,2023.0,31.0,109.0,NE,326716.0,50.255878,87.77317,5.7924924,6.4343343,22.224195,77.775803,15.780984,LANCASTER,NE,28.0,55.0,0.03375262980926904,0.4247117680826995,0.22923219894598426,0,0.0,0.0886368493317407
08069,"Larimer, Colorado",county,1,0,"Larimer, Colorado",county,1.0,0.0,2023.0,8.0,69.0,CO,370771.0,49.916256,93.496254,1.9944925,4.5092525,17.966076,82.03392,17.796968,LARIMER,CO,6.0,35.0,0.03831188003692108,0.2473877821024799,0.14284983106970048,0,0.0,0.05697004939183253
08029,"Delta, Colorado",county,1,0,"Delta, Colorado",county,1.0,0.0,2023.0,8.0,29.0,CO,31746.0,49.788952,95.901848,1.1056511,2.9925029,18.818119,81.181885,28.624079,DELTA,CO,6.0,15.0,0.0032261960412399214,0.2828700363528998,0.14304811619706986,0,0.0,0.05352162458518617
08013,"Boulder, Colorado",county,1,0,"Boulder, Colorado",county,1.0,0.0,2023.0,8.0,13.0,CO,326831.0,50.381695,91.114365,1.7905278,7.0951042,17.044588,82.955414,17.062029,BOULDER,CO,6.0,7.0,0.03376453115477306,0.20901357856496938,0.12138905485987123,0,0.0,0.04853256567123202
08007,"Archuleta, Colorado",county,1,0,"Archuleta, Colorado",county,1.0,0.0,2023.0,8.0,7.0,CO,14189.0,49.573616,93.304672,1.6421171,5.0532103,16.653746,83.346252,29.107056,ARCHULETA,CO,6.0,4.0,0.0014092227976379038,0.19273745727092362,0.09707334003428077,0,0.0,0.036241795150748074
46045,"Edmunds, South Dakota",county,1,0,"Edmunds, South Dakota",county,1.0,0.0,2023.0,46.0,45.0,SD,4057.0,50.924328,97.190041,0.78876019,2.021198,22.602909,77.397095,23.835346,EDMUNDS,SD,42.0,23.0,0.00036066251375252217,0.440482834139452,0.22042174832660225,0,0.0,0.08200821955877118
48113,"Dallas, Texas",county,1,0,"Dallas, Texas",county,1.0,0.0,2023.0,48.0,113.0,TX,2606358.0,49.600323,66.32872,24.60441,9.0668669,24.771654,75.228348,12.186968,DALLAS,TX,44.0,57.0,0.26967269126574744,0.5307974796377745,0.40023508545176095,1,0.0,0.1759140515159006
02122,"Kenai Peninsula, Alaska",county,1,0,"Kenai Peninsula, Alaska",county,1.0,0.0,2023.0,2.0,122.0,AK,61223.0,52.140537,85.783119,1.3883672,12.828512,22.053802,77.946198,20.616434,KENAI PENINSULA,AK,2.0,18.0,0.006276769618824741,0.4176159668749062,0.21194636824686547,0,0.0,0.07945023797009777
21219,"Todd, Kentucky",county,1,0,"Todd, Kentucky",county,1.0,0.0,2023.0,21.0,219.0,KY,12494.0,50.544262,90.667519,8.5240917,0.80838805,26.948935,73.051064,16.912117,TODD,KY,18.0,110.0,0.001233807313904611,0.6214675960715796,0.31135070169274215,0,0.0,0.11591118078936828
30013,"Cascade, Montana",county,1,0,"Cascade, Montana",county,1.0,0.0,2023.0,30.0,13.0,MT,84900.0,50.842167,90.247353,2.3981154,7.3545346,22.097761,77.902237,20.138987,CASCADE,MT,27.0,7.0,0.008727101423162895,0.4194465838914114,0.21408684265728714,0,0.0,0.08049223558800256
29213,"Taney, Missouri",county,1,0,"Taney, Missouri",county,1.0,0.0,2023.0,29.0,213.0,MO,56775.0,48.547775,94.374283,2.6332011,2.9925144,20.618229,79.381767,22.929106,TANEY,MO,26.0,107.0,0.005816446272721092,0.35783334301550207,0.18182489464411158,0,0.0,0.06820223858873652
29143,"New Madrid, Missouri",county,1,0,"New Madrid, Missouri",county,1.0,0.0,2023.0,29.0,143.0,MO,15424.0,47.088951,81.327805,17.673756,0.99844396,23.657936,76.342064,20.208765,NEW MADRID,MO,26.0,72.0,0.0015370328993550815,0.4844181006166812,0.24297756675801815,0,0.0,0.09051453125755467
29095,"Jackson, Missouri",county,1,0,"Jackson, Missouri",county,1.0,0.0,2023.0,29.0,95.0,MO,718560.0,48.502701,71.717049,24.624805,3.6581497,23.012413,76.987587,16.328213,JACKSON,MO,26.0,48.0,0.07430455004997012,0.4575361108456322,0.26592033044780117,0,0.0,0.10635159997039054
27163,"Washington, Minnesota",county,1,0,"Washington, Minnesota",county,1.0,0.0,2023.0,27.0,163.0,MN,278936.0,49.768406,83.859383,6.806221,9.3343992,23.704721,76.29528,17.233343,WASHINGTON,MN,24.0,82.0,0.02880787947724737,0.4863664028327735,0.2575871411550104,0,0.0,0.09868529651115661
27109,"Olmsted, Minnesota",county,1,0,"Olmsted, Minnesota",county,1.0,0.0,2023.0,27.0,109.0,MN,164784.0,48.996262,82.988029,9.0949364,7.9170308,23.644894,76.35511,17.403996,OLMSTED,MN,24.0,55.0,0.01699429346006576,0.48387498300415005,0.25043463823210793,0,0.0,0.09483943615759864
27037,"Dakota, Minnesota",county,1,0,"Dakota, Minnesota",county,1.0,0.0,2023.0,27.0,37.0,MN,447440.0,49.594135,82.431831,10.413016,7.1551495,23.777937,76.222061,16.467459,DAKOTA,MN,24.0,19.0,0.046246351849515664,0.4894153906505231,0.26783087125001936,0,0.0,0.10424541283843007
16017,"Bonner, Idaho",county,1,0,"Bonner, Idaho",county,1.0,0.0,2023.0,16.0,17.0,ID,52547.0,50.318764,96.772415,0.6280092,2.5995774,19.51396,80.486038,26.711325,BONNER,ID,13.0,9.0,0.0053788907180164535,0.31184745566139316,0.1586131731897048,0,0.0,0.059526172772833105
26115,"Monroe, Michigan",county,1,0,"Monroe, Michigan",county,1.0,0.0,2023.0,26.0,115.0,MI,155045.0,49.823601,94.772484,3.7492342,1.4782805,20.556612,79.44339,20.493404,MONROE,MI,23.0,58.0,0.015986404730815886,0.3552673808983929,0.18562689281460437,0,0.0,0.07063708963283805
26065,"Ingham, Michigan",county,1,0,"Ingham, Michigan",county,1.0,0.0,2023.0,26.0,65.0,MI,284637.0,48.826401,77.275269,14.695911,8.0288229,19.272968,80.727028,15.201468,INGHAM,MI,23.0,33.0,0.02939787574436448,0.30181164829449114,0.1656047620194278,0,0.0,0.06453746087441073
26005,"Allegan, Michigan",county,1,0,"Allegan, Michigan",county,1.0,0.0,2023.0,26.0,5.0,MI,121939.0,50.420292,95.686371,2.244565,2.0690672,22.962301,77.037697,18.964399,ALLEGAN,MI,23.0,3.0,0.01256026608510828,0.45544925991792434,0.23400476300151632,0,0.0,0.08828425587712542
25025,"Greater Boston, Massachusetts",county,1,0,"Greater Boston, Massachusetts",county,1.0,0.0,2023.0,25.0,25.0,MA,768425.0,48.176334,63.012264,25.551485,11.43625,15.848911,84.151085,13.873312,SUFFOLK,MA,22.0,13.0,0.07946507695047789,0.15922112053717088,0.11934309874382439,0,0.0,0.05235946495648577
24027,"Howard, Maryland",county,1,0,"Howard, Maryland",county,1.0,0.0,2023.0,24.0,27.0,MD,336001.0,49.342411,55.130192,22.810349,22.059458,23.528799,76.471199,15.857096,HOWARD,MD,21.0,14.0,0.03471353409626823,0.4790403534054061,0.2568769437508372,0,0.0,0.09901403719907569
48279,"Lamb, Texas",county,1,0,"Lamb, Texas",county,1.0,0.0,2023.0,48.0,279.0,TX,12711.0,50.255684,91.330345,5.4205017,3.2491543,27.21265,72.787346,17.669735,LAMB,TX,44.0,140.0,0.0012562646354209086,0.6324496740648846,0.3168529693501528,0,0.0,0.11795965780580518
48259,"Kendall, Texas",county,1,0,"Kendall, Texas",county,1.0,0.0,2023.0,48.0,259.0,TX,50537.0,49.369766,94.592079,2.2063043,3.2016146,21.979935,78.020065,20.725409,KENDALL,TX,44.0,130.0,0.0051708758965982125,0.41453986898464035,0.20985537244061928,0,0.0,0.07856160560182716
48209,"Hays, Texas",county,1,0,"Hays, Texas",county,1.0,0.0,2023.0,48.0,209.0,TX,280486.0,49.78537,90.027313,5.4947486,4.477942,22.095934,77.904068,12.401689,HAYS,TX,44.0,105.0,0.028968288916649498,0.4193705007846721,0.22416939485066079,0,0.0,0.08627376952208801
48203,"Harrison, Texas",county,1,0,"Harrison, Texas",county,1.0,0.0,2023.0,48.0,203.0,TX,70895.0,48.916,75.562454,21.904224,2.533324,23.984766,76.015236,17.92087,HARRISON,TX,44.0,102.0,0.007277724520694008,0.4980285230444986,0.2526531237825963,0,0.0,0.09468904023042048
48197,"Hardeman, Texas",county,1,0,"Hardeman, Texas",county,1.0,0.0,2023.0,48.0,197.0,TX,3490.0,49.742119,89.512894,7.9369626,2.5501432,22.578796,77.421204,23.266476,HARDEMAN,TX,44.0,99.0,0.00030198370591961543,0.43947867871919694,0.21989033121255827,0,0.0,0.081804701748681
21073,"Franklin, Kentucky",county,1,0,"Franklin, Kentucky",county,1.0,0.0,2023.0,21.0,73.0,KY,51644.0,48.586475,86.451477,11.147471,2.4010534,20.831074,79.168922,19.063202,FRANKLIN,KY,18.0,37.0,0.005285439283319602,0.3666970041287683,0.18599122170604396,0,0.0,0.06969833557338881
18133,"Putnam, Indiana",county,1,0,"Putnam, Indiana",county,1.0,0.0,2023.0,18.0,133.0,IN,37567.0,52.950729,93.70192,4.3495622,1.9485186,19.666197,80.333801,17.869406,PUTNAM,IN,15.0,67.0,0.0038286111036655835,0.3181871731877635,0.16100789214571454,0,0.0,0.06026110924396663
16081,"Teton, Idaho",county,1,0,"Teton, Idaho",county,1.0,0.0,2023.0,16.0,81.0,ID,12549.0,52.115704,96.876244,1.0518767,2.0718782,21.24472,78.75528,15.124711,TETON,ID,13.0,41.0,0.0012394992617543639,0.3839227691918804,0.19258113422681739,0,0.0,0.0717428774433394
48379,"Rains, Texas",county,1,0,"Rains, Texas",county,1.0,0.0,2023.0,48.0,379.0,TX,12986.0,50.839367,93.269676,3.7578931,2.9724319,19.805944,80.194054,25.496689,RAINS,TX,44.0,190.0,0.001284724374669673,0.3240067604441971,0.16264574240943339,0,0.0,0.0606148302365167
48375,"Potter, Texas",county,1,0,"Potter, Texas",county,1.0,0.0,2023.0,48.0,375.0,TX,114647.0,51.198025,81.047913,12.224481,6.7276073,26.633928,73.366074,14.516734,POTTER,TX,44.0,188.0,0.011805617290191956,0.6083495275413975,0.3100775724157947,0,0.0,0.11649899807643926
13029,"Bryan, Georgia",county,1,0,"Bryan, Georgia",county,1.0,0.0,2023.0,13.0,29.0,GA,49739.0,49.405899,79.127045,17.133436,3.7395203,28.48469,71.515312,11.33919,BRYAN,GA,11.0,15.0,0.005088290907796344,0.685422172749463,0.3452552318286297,1,0.0,0.12890678154467392
12105,"Polk, Florida",county,1,0,"Polk, Florida",county,1.0,0.0,2023.0,12.0,105.0,FL,818330.0,49.338654,78.35054,18.284311,3.3651462,21.977198,78.022804,19.402319,POLK,FL,10.0,53.0,0.08462974344942181,0.4144258900776094,0.2495278167635156,0,0.0,0.10129195540950262
12097,"Osceola, Florida",county,1,0,"Osceola, Florida",county,1.0,0.0,2023.0,12.0,97.0,FL,437784.0,49.56805,78.349144,16.596769,5.0540905,23.73819,76.26181,13.536356,OSCEOLA,FL,10.0,49.0,0.04524705278702087,0.4877601770525104,0.26650361491976565,0,0.0,0.10365150613207838
12091,"Okaloosa, Florida",county,1,0,"Okaloosa, Florida",county,1.0,0.0,2023.0,12.0,91.0,FL,218464.0,50.83263,82.81456,11.814303,5.3711367,22.529112,77.470886,16.95657,OKALOOSA,FL,10.0,46.0,0.02254963456142455,0.43740965131074705,0.2299796429360858,0,0.0,0.0877901733283556
48157,"Fort Bend, Texas",county,1,0,"Fort Bend, Texas",county,1.0,0.0,2023.0,48.0,157.0,TX,916778.0,49.206894,52.599865,23.23834,24.161793,26.382832,73.617165,12.974788,FORT BEND,TX,44.0,79.0,0.09481812312055762,0.5978929518600488,0.3463555374903032,1,0.0,0.13832372560757503
48143,"Erath, Texas",county,1,0,"Erath, Texas",county,1.0,0.0,2023.0,48.0,143.0,TX,44195.0,49.225025,94.420181,2.6292567,2.9505601,20.635818,79.364182,15.169137,ERATH,TX,44.0,72.0,0.004514542564541256,0.35856581469828175,0.1815401786314115,0,0.0,0.06796566149199966
56029,"Park, Wyoming",county,1,0,"Park, Wyoming",county,1.0,0.0,2023.0,56.0,29.0,WY,30735.0,49.959332,96.824471,1.0183829,2.1571498,20.30584,79.69416,25.645031,PARK,WY,51.0,15.0,0.0031215676907653733,0.3448242977876973,0.17397293273923134,0,0.0,0.06501166277982984
56027,"Niobrara, Wyoming",county,1,0,"Niobrara, Wyoming",county,1.0,0.0,2023.0,56.0,27.0,WY,2354.0,45.66695,95.964317,1.6567545,2.3789294,18.139338,81.860664,27.612574,NIOBRARA,WY,51.0,14.0,0.00018441911033199268,0.25460305919053317,0.1273937391504326,0,0.0,0.04739460666336866
56025,"Natrona, Wyoming",county,1,0,"Natrona, Wyoming",county,1.0,0.0,2023.0,56.0,25.0,WY,79941.0,50.465969,95.191452,1.8651255,2.9434209,23.219624,76.780373,17.774359,NATRONA,WY,51.0,13.0,0.008213894707036996,0.466165151146983,0.23718952292700998,0,0.0,0.08903230573148357
48417,"Shackelford, Texas",county,1,0,"Shackelford, Texas",county,1.0,0.0,2023.0,48.0,417.0,TX,3229.0,50.294209,95.106842,2.911118,1.9820378,23.288944,76.71106,21.337875,SHACKELFORD,TX,44.0,209.0,0.00027497282612351547,0.4690518949670005,0.23466343389656202,0,0.0,0.08729591709759474
48415,"Scurry, Texas",county,1,0,"Scurry, Texas",county,1.0,0.0,2023.0,48.0,415.0,TX,16212.0,52.220577,92.042931,5.150506,2.8065631,26.097952,73.902046,16.111523,SCURRY,TX,44.0,208.0,0.0016185829885479045,0.5860294841819389,0.2938240335852434,0,0.0,0.10943186498806666
